INSERT INTO user_app (id, password, role)
VALUES ('admin@gmail.com', '$2a$10$hZWJKAQNadyewKCKck5.dOx41N0DXCazcljxwmn8JLj1WhM/BoviW', 'ADMIN');

INSERT INTO bank (id, name) VALUES ('002', 'Bank BRI');
INSERT INTO bank (id, name) VALUES ('003', 'Bank Ekspor Indonesia');
INSERT INTO bank (id, name) VALUES ('008', 'Bank Mandiri');
INSERT INTO bank (id, name) VALUES ('009', 'Bank BNI');
INSERT INTO bank (id, name) VALUES ('011', 'Bank Danamon');
INSERT INTO bank (id, name) VALUES ('013', 'Permata Bank');
INSERT INTO bank (id, name) VALUES ('014', 'Bank BCA');
INSERT INTO bank (id, name) VALUES ('016', 'Bank BII Maybank');
INSERT INTO bank (id, name) VALUES ('019', 'Bank Panin');
INSERT INTO bank (id, name) VALUES ('020', 'Bank Arta Niaga Kencana');
INSERT INTO bank (id, name) VALUES ('022', 'Bank CIMB Niaga, Bank CIMB Niaga Syariah');
INSERT INTO bank (id, name) VALUES ('023', 'Bank UOB Indonesia');
INSERT INTO bank (id, name) VALUES ('028', 'Bank OCBC NISP');
INSERT INTO bank (id, name) VALUES ('030', 'American Express Bank LTD');
INSERT INTO bank (id, name) VALUES ('031', 'Citibank');
INSERT INTO bank (id, name) VALUES ('032', 'JP. Morgan Chase Bank, N.A');
INSERT INTO bank (id, name) VALUES ('033', 'Bank of America, N.A');
INSERT INTO bank (id, name) VALUES ('034', 'ING Indonesia Bank');
INSERT INTO bank (id, name) VALUES ('036', 'China Construction Bank Indonesia');
INSERT INTO bank (id, name) VALUES ('037', 'Bank Artha Graha Internasional');
INSERT INTO bank (id, name) VALUES ('039', 'Bank Credit Agricole Indosuez');
INSERT INTO bank (id, name) VALUES ('040', 'The Bangkok Bank Comp. LTD');
INSERT INTO bank (id, name) VALUES ('041', 'The Hongkong & Shanghai B.C. (Bank HSBC)');
INSERT INTO bank (id, name) VALUES ('042', 'The Bank of Tokyo Mitsubishi UFJ LTD');
INSERT INTO bank (id, name) VALUES ('046', 'Bank DBS Indonesia');
INSERT INTO bank (id, name) VALUES ('047', 'Bank Resona Perdania');
INSERT INTO bank (id, name) VALUES ('048', 'Bank Mizuho Indonesia');
INSERT INTO bank (id, name) VALUES ('050', 'Standard Chartered Bank');
INSERT INTO bank (id, name) VALUES ('053', 'Bank Keppel Tatlee Buana');
INSERT INTO bank (id, name) VALUES ('054', 'Bank Capital Indonesia');
INSERT INTO bank (id, name) VALUES ('057', 'Bank BNP Paribas Indonesia');
INSERT INTO bank (id, name) VALUES ('059', 'Korea Exchange Bank Danamon');
INSERT INTO bank (id, name) VALUES ('061', 'Bank ANZ Indonesia');
INSERT INTO bank (id, name) VALUES ('067', 'Deutsche Bank AG.');
INSERT INTO bank (id, name) VALUES ('069', 'Bank Of China');
INSERT INTO bank (id, name) VALUES ('076', 'Bank Bumi Arta');
INSERT INTO bank (id, name) VALUES ('087', 'Bank Ekonomi');
INSERT INTO bank (id, name) VALUES ('095', 'Bank JTRUST');
INSERT INTO bank (id, name) VALUES ('097', 'Bank Mayapada');
INSERT INTO bank (id, name) VALUES ('110', 'Bank Jabar dan Banten (BJB)');
INSERT INTO bank (id, name) VALUES ('111', 'Bank DKI');
INSERT INTO bank (id, name) VALUES ('112', 'BPD DIY');
INSERT INTO bank (id, name) VALUES ('113', 'Bank Jateng');
INSERT INTO bank (id, name) VALUES ('114', 'Bank Jatim');
INSERT INTO bank (id, name) VALUES ('115', 'BPD Jambi');
INSERT INTO bank (id, name) VALUES ('116', 'BPD Aceh, BPD Aceh Syariah');
INSERT INTO bank (id, name) VALUES ('117', 'Bank Sumut');
INSERT INTO bank (id, name) VALUES ('118', 'Bank Nagari');
INSERT INTO bank (id, name) VALUES ('119', 'Bank Riau');
INSERT INTO bank (id, name) VALUES ('120', 'Bank Sumsel Babel');
INSERT INTO bank (id, name) VALUES ('121', 'Bank Lampung');
INSERT INTO bank (id, name) VALUES ('122', 'Bank Kalsel (Kalimantan Selatan)');
INSERT INTO bank (id, name) VALUES ('123', 'Bank Kalbar (Kalimantan Barat)');
INSERT INTO bank (id, name) VALUES ('124', 'Bank Kaltimtara (Kalimantan Timur dan Utara)');
INSERT INTO bank (id, name) VALUES ('125', 'Bank Kalteng (Kalimantan Tengah)');
INSERT INTO bank (id, name) VALUES ('126', 'Bank Sulselbar (Sulawesi Selatan dan Barat)');
INSERT INTO bank (id, name) VALUES ('127', 'Bank SulutGo (Sulawesi Utara dan Gorontalo)');
INSERT INTO bank (id, name) VALUES ('128', 'Bank NTB, NTB Syariah');
INSERT INTO bank (id, name) VALUES ('129', 'BPD Bali');
INSERT INTO bank (id, name) VALUES ('130', 'Bank NTT');
INSERT INTO bank (id, name) VALUES ('131', 'Bank Maluku Malut');
INSERT INTO bank (id, name) VALUES ('132', 'Bank Papua');
INSERT INTO bank (id, name) VALUES ('133', 'Bank Bengkulu');
INSERT INTO bank (id, name) VALUES ('134', 'Bank Sulteng (Sulawesi Tengah)');
INSERT INTO bank (id, name) VALUES ('135', 'Bank Sultra');
INSERT INTO bank (id, name) VALUES ('145', 'Bank Nusantara Parahyangan');
INSERT INTO bank (id, name) VALUES ('146', 'Bank of India Indonesia');
INSERT INTO bank (id, name) VALUES ('147', 'Bank Muamalat');
INSERT INTO bank (id, name) VALUES ('151', 'Bank Mestika Dharma');
INSERT INTO bank (id, name) VALUES ('152', 'Bank Metro Express (Bank Shinhan Indonesia)');
INSERT INTO bank (id, name) VALUES ('153', 'Bank Sinarmas');
INSERT INTO bank (id, name) VALUES ('157', 'Bank Maspion Indonesia');
INSERT INTO bank (id, name) VALUES ('161', 'Bank Ganesha');
INSERT INTO bank (id, name) VALUES ('162', 'Bank Windu Kentjana');
INSERT INTO bank (id, name) VALUES ('164', 'Halim Indonesia Bank (Bank ICBC Indonesia)');
INSERT INTO bank (id, name) VALUES ('166', 'Bank Harmoni International');
INSERT INTO bank (id, name) VALUES ('167', 'Bank QNB Kesawan (Bank QNB Indonesia)');
INSERT INTO bank (id, name) VALUES ('200', 'Bank Tabungan Negara (BTN)');
INSERT INTO bank (id, name) VALUES ('212', 'Bank Woori Saudara');
INSERT INTO bank (id, name) VALUES ('213', 'Bank Tabungan Pensiunan Nasional (BTPN), JENIUS');
INSERT INTO bank (id, name) VALUES ('405', 'Bank Swaguna');
INSERT INTO bank (id, name) VALUES ('422', 'Bank Syariah Indonesia (eks BRI Syariah)*');
INSERT INTO bank (id, name) VALUES ('425', 'Bank BJB Syariah');
INSERT INTO bank (id, name) VALUES ('426', 'Bank Mega');
INSERT INTO bank (id, name) VALUES ('427', 'Bank Syariah Indonesia (eks BNI Syariah)*');
INSERT INTO bank (id, name) VALUES ('441', 'Bank Bukopin');
INSERT INTO bank (id, name) VALUES ('451', 'Bank Syariah Indonesia (eks Mandiri Syariah)*');
INSERT INTO bank (id, name) VALUES ('459', 'Bank Bisnis Internasional');
INSERT INTO bank (id, name) VALUES ('466', 'Bank Sri Partha');
INSERT INTO bank (id, name) VALUES ('472', 'Bank Jasa Jakarta');
INSERT INTO bank (id, name) VALUES ('484', 'Bank Bintang Manunggal');
INSERT INTO bank (id, name) VALUES ('485', 'Bank Bumiputera (Bank MNC)');
INSERT INTO bank (id, name) VALUES ('490', 'Bank Yudha Bhakti');
INSERT INTO bank (id, name) VALUES ('494', 'Bank BRI Agro');
INSERT INTO bank (id, name) VALUES ('498', 'Bank Indomonex (Bank SBI Indonesia)');
INSERT INTO bank (id, name) VALUES ('501', 'Bank Royal Indonesia');
INSERT INTO bank (id, name) VALUES ('503', 'Bank Alfindo (Bank National Nobu)');
INSERT INTO bank (id, name) VALUES ('506', 'Bank Syariah Mega');
INSERT INTO bank (id, name) VALUES ('513', 'Bank Ina Perdana');
INSERT INTO bank (id, name) VALUES ('517', 'Bank Harfa');
INSERT INTO bank (id, name) VALUES ('520', 'Prima Master Bank');
INSERT INTO bank (id, name) VALUES ('521', 'Bank Persyarikatan Indonesia');
INSERT INTO bank (id, name) VALUES ('523', 'Bank Dipo International (Bank Sahabat Sampoerna)');
INSERT INTO bank (id, name) VALUES ('525', 'Bank Akita');
INSERT INTO bank (id, name) VALUES ('526', 'Liman International Bank');
INSERT INTO bank (id, name) VALUES ('531', 'Anglomas Internasional Bank');
INSERT INTO bank (id, name) VALUES ('535', 'Bank Kesejahteraan Ekonomi');
INSERT INTO bank (id, name) VALUES ('536', 'Bank BCA Syariah');
INSERT INTO bank (id, name) VALUES ('542', 'Bank Artos IND');
INSERT INTO bank (id, name) VALUES ('547', 'Bank Purba Danarta');
INSERT INTO bank (id, name) VALUES ('548', 'Bank Multi Arta Sentosa');
INSERT INTO bank (id, name) VALUES ('553', 'Bank Mayora Indonesia');
INSERT INTO bank (id, name) VALUES ('555', 'Bank Index Selindo');
INSERT INTO bank (id, name) VALUES ('559', 'Centratama Nasional Bank');
INSERT INTO bank (id, name) VALUES ('562', 'Bank Fama Internasional');
INSERT INTO bank (id, name) VALUES ('564', 'Bank Mandiri Taspen Pos');
INSERT INTO bank (id, name) VALUES ('566', 'Bank Victoria International');
INSERT INTO bank (id, name) VALUES ('567', 'Bank Harda');
INSERT INTO bank (id, name) VALUES ('688', 'BPR KS');
INSERT INTO bank (id, name) VALUES ('945', 'Bank Agris');
INSERT INTO bank (id, name) VALUES ('946', 'Bank Merincorp');
INSERT INTO bank (id, name) VALUES ('947', 'Bank Maybank Indocorp');
INSERT INTO bank (id, name) VALUES ('949', 'Bank CTBC (China Trust) Indonesia');
INSERT INTO bank (id, name) VALUES ('950', 'Bank Commonwealth');

INSERT INTO account (id, bank_id, name) VALUES ('002000001', '002', 'LuwidSend');
INSERT INTO account (id, bank_id, name) VALUES ('003000001', '003', 'LuwidSend');
INSERT INTO account (id, bank_id, name) VALUES ('008000001', '008', 'LuwidSend');
INSERT INTO account (id, bank_id, name) VALUES ('009000001', '009', 'LuwidSend');
INSERT INTO account (id, bank_id, name) VALUES ('011000001', '011', 'LuwidSend');
INSERT INTO account (id, bank_id, name) VALUES ('013000001', '013', 'LuwidSend');
INSERT INTO account (id, bank_id, name) VALUES ('014000001', '014', 'LuwidSend');
INSERT INTO account (id, bank_id, name) VALUES ('016000001', '016', 'LuwidSend');
INSERT INTO account (id, bank_id, name) VALUES ('019000001', '019', 'LuwidSend');
INSERT INTO account (id, bank_id, name) VALUES ('020000001', '020', 'LuwidSend');
INSERT INTO account (id, bank_id, name) VALUES ('022000001', '022', 'LuwidSend');
INSERT INTO account (id, bank_id, name) VALUES ('023000001', '023', 'LuwidSend');
INSERT INTO account (id, bank_id, name) VALUES ('028000001', '028', 'LuwidSend');
INSERT INTO account (id, bank_id, name) VALUES ('030000001', '030', 'LuwidSend');
INSERT INTO account (id, bank_id, name) VALUES ('031000001', '031', 'LuwidSend');
INSERT INTO account (id, bank_id, name) VALUES ('032000001', '032', 'LuwidSend');
INSERT INTO account (id, bank_id, name) VALUES ('033000001', '033', 'LuwidSend');
INSERT INTO account (id, bank_id, name) VALUES ('034000001', '034', 'LuwidSend');
INSERT INTO account (id, bank_id, name) VALUES ('036000001', '036', 'LuwidSend');
INSERT INTO account (id, bank_id, name) VALUES ('037000001', '037', 'LuwidSend');
INSERT INTO account (id, bank_id, name) VALUES ('039000001', '039', 'LuwidSend');
INSERT INTO account (id, bank_id, name) VALUES ('040000001', '040', 'LuwidSend');
INSERT INTO account (id, bank_id, name) VALUES ('041000001', '041', 'LuwidSend');
INSERT INTO account (id, bank_id, name) VALUES ('042000001', '042', 'LuwidSend');
INSERT INTO account (id, bank_id, name) VALUES ('046000001', '046', 'LuwidSend');
INSERT INTO account (id, bank_id, name) VALUES ('047000001', '047', 'LuwidSend');
INSERT INTO account (id, bank_id, name) VALUES ('048000001', '048', 'LuwidSend');
INSERT INTO account (id, bank_id, name) VALUES ('050000001', '050', 'LuwidSend');
INSERT INTO account (id, bank_id, name) VALUES ('053000001', '053', 'LuwidSend');
INSERT INTO account (id, bank_id, name) VALUES ('054000001', '054', 'LuwidSend');
INSERT INTO account (id, bank_id, name) VALUES ('057000001', '057', 'LuwidSend');
INSERT INTO account (id, bank_id, name) VALUES ('059000001', '059', 'LuwidSend');
INSERT INTO account (id, bank_id, name) VALUES ('061000001', '061', 'LuwidSend');
INSERT INTO account (id, bank_id, name) VALUES ('067000001', '067', 'LuwidSend');
INSERT INTO account (id, bank_id, name) VALUES ('069000001', '069', 'LuwidSend');
INSERT INTO account (id, bank_id, name) VALUES ('076000001', '076', 'LuwidSend');
INSERT INTO account (id, bank_id, name) VALUES ('087000001', '087', 'LuwidSend');
INSERT INTO account (id, bank_id, name) VALUES ('095000001', '095', 'LuwidSend');
INSERT INTO account (id, bank_id, name) VALUES ('097000001', '097', 'LuwidSend');
INSERT INTO account (id, bank_id, name) VALUES ('110000001', '110', 'LuwidSend');
INSERT INTO account (id, bank_id, name) VALUES ('111000001', '111', 'LuwidSend');
INSERT INTO account (id, bank_id, name) VALUES ('112000001', '112', 'LuwidSend');
INSERT INTO account (id, bank_id, name) VALUES ('113000001', '113', 'LuwidSend');
INSERT INTO account (id, bank_id, name) VALUES ('114000001', '114', 'LuwidSend');
INSERT INTO account (id, bank_id, name) VALUES ('115000001', '115', 'LuwidSend');
INSERT INTO account (id, bank_id, name) VALUES ('116000001', '116', 'LuwidSend');
INSERT INTO account (id, bank_id, name) VALUES ('117000001', '117', 'LuwidSend');
INSERT INTO account (id, bank_id, name) VALUES ('118000001', '118', 'LuwidSend');
INSERT INTO account (id, bank_id, name) VALUES ('119000001', '119', 'LuwidSend');
INSERT INTO account (id, bank_id, name) VALUES ('120000001', '120', 'LuwidSend');
INSERT INTO account (id, bank_id, name) VALUES ('121000001', '121', 'LuwidSend');
INSERT INTO account (id, bank_id, name) VALUES ('122000001', '122', 'LuwidSend');
INSERT INTO account (id, bank_id, name) VALUES ('123000001', '123', 'LuwidSend');
INSERT INTO account (id, bank_id, name) VALUES ('124000001', '124', 'LuwidSend');
INSERT INTO account (id, bank_id, name) VALUES ('125000001', '125', 'LuwidSend');
INSERT INTO account (id, bank_id, name) VALUES ('126000001', '126', 'LuwidSend');
INSERT INTO account (id, bank_id, name) VALUES ('127000001', '127', 'LuwidSend');
INSERT INTO account (id, bank_id, name) VALUES ('128000001', '128', 'LuwidSend');
INSERT INTO account (id, bank_id, name) VALUES ('129000001', '129', 'LuwidSend');
INSERT INTO account (id, bank_id, name) VALUES ('130000001', '130', 'LuwidSend');
INSERT INTO account (id, bank_id, name) VALUES ('131000001', '131', 'LuwidSend');
INSERT INTO account (id, bank_id, name) VALUES ('132000001', '132', 'LuwidSend');
INSERT INTO account (id, bank_id, name) VALUES ('133000001', '133', 'LuwidSend');
INSERT INTO account (id, bank_id, name) VALUES ('134000001', '134', 'LuwidSend');
INSERT INTO account (id, bank_id, name) VALUES ('135000001', '135', 'LuwidSend');
INSERT INTO account (id, bank_id, name) VALUES ('145000001', '145', 'LuwidSend');
INSERT INTO account (id, bank_id, name) VALUES ('146000001', '146', 'LuwidSend');
INSERT INTO account (id, bank_id, name) VALUES ('147000001', '147', 'LuwidSend');
INSERT INTO account (id, bank_id, name) VALUES ('151000001', '151', 'LuwidSend');
INSERT INTO account (id, bank_id, name) VALUES ('152000001', '152', 'LuwidSend');
INSERT INTO account (id, bank_id, name) VALUES ('153000001', '153', 'LuwidSend');
INSERT INTO account (id, bank_id, name) VALUES ('157000001', '157', 'LuwidSend');
INSERT INTO account (id, bank_id, name) VALUES ('161000001', '161', 'LuwidSend');
INSERT INTO account (id, bank_id, name) VALUES ('162000001', '162', 'LuwidSend');
INSERT INTO account (id, bank_id, name) VALUES ('164000001', '164', 'LuwidSend');
INSERT INTO account (id, bank_id, name) VALUES ('166000001', '166', 'LuwidSend');
INSERT INTO account (id, bank_id, name) VALUES ('167000001', '167', 'LuwidSend');
INSERT INTO account (id, bank_id, name) VALUES ('200000001', '200', 'LuwidSend');
INSERT INTO account (id, bank_id, name) VALUES ('212000001', '212', 'LuwidSend');
INSERT INTO account (id, bank_id, name) VALUES ('213000001', '213', 'LuwidSend');
INSERT INTO account (id, bank_id, name) VALUES ('405000001', '405', 'LuwidSend');
INSERT INTO account (id, bank_id, name) VALUES ('422000001', '422', 'LuwidSend');
INSERT INTO account (id, bank_id, name) VALUES ('425000001', '425', 'LuwidSend');
INSERT INTO account (id, bank_id, name) VALUES ('426000001', '426', 'LuwidSend');
INSERT INTO account (id, bank_id, name) VALUES ('427000001', '427', 'LuwidSend');
INSERT INTO account (id, bank_id, name) VALUES ('441000001', '441', 'LuwidSend');
INSERT INTO account (id, bank_id, name) VALUES ('451000001', '451', 'LuwidSend');
INSERT INTO account (id, bank_id, name) VALUES ('459000001', '459', 'LuwidSend');
INSERT INTO account (id, bank_id, name) VALUES ('466000001', '466', 'LuwidSend');
INSERT INTO account (id, bank_id, name) VALUES ('472000001', '472', 'LuwidSend');
INSERT INTO account (id, bank_id, name) VALUES ('484000001', '484', 'LuwidSend');
INSERT INTO account (id, bank_id, name) VALUES ('485000001', '485', 'LuwidSend');
INSERT INTO account (id, bank_id, name) VALUES ('490000001', '490', 'LuwidSend');
INSERT INTO account (id, bank_id, name) VALUES ('494000001', '494', 'LuwidSend');
INSERT INTO account (id, bank_id, name) VALUES ('498000001', '498', 'LuwidSend');
INSERT INTO account (id, bank_id, name) VALUES ('501000001', '501', 'LuwidSend');
INSERT INTO account (id, bank_id, name) VALUES ('503000001', '503', 'LuwidSend');
INSERT INTO account (id, bank_id, name) VALUES ('506000001', '506', 'LuwidSend');
INSERT INTO account (id, bank_id, name) VALUES ('513000001', '513', 'LuwidSend');
INSERT INTO account (id, bank_id, name) VALUES ('517000001', '517', 'LuwidSend');
INSERT INTO account (id, bank_id, name) VALUES ('520000001', '520', 'LuwidSend');
INSERT INTO account (id, bank_id, name) VALUES ('521000001', '521', 'LuwidSend');
INSERT INTO account (id, bank_id, name) VALUES ('523000001', '523', 'LuwidSend');
INSERT INTO account (id, bank_id, name) VALUES ('525000001', '525', 'LuwidSend');
INSERT INTO account (id, bank_id, name) VALUES ('526000001', '526', 'LuwidSend');
INSERT INTO account (id, bank_id, name) VALUES ('531000001', '531', 'LuwidSend');
INSERT INTO account (id, bank_id, name) VALUES ('535000001', '535', 'LuwidSend');
INSERT INTO account (id, bank_id, name) VALUES ('536000001', '536', 'LuwidSend');
INSERT INTO account (id, bank_id, name) VALUES ('542000001', '542', 'LuwidSend');
INSERT INTO account (id, bank_id, name) VALUES ('547000001', '547', 'LuwidSend');
INSERT INTO account (id, bank_id, name) VALUES ('548000001', '548', 'LuwidSend');
INSERT INTO account (id, bank_id, name) VALUES ('553000001', '553', 'LuwidSend');
INSERT INTO account (id, bank_id, name) VALUES ('555000001', '555', 'LuwidSend');
INSERT INTO account (id, bank_id, name) VALUES ('559000001', '559', 'LuwidSend');
INSERT INTO account (id, bank_id, name) VALUES ('562000001', '562', 'LuwidSend');
INSERT INTO account (id, bank_id, name) VALUES ('564000001', '564', 'LuwidSend');
INSERT INTO account (id, bank_id, name) VALUES ('566000001', '566', 'LuwidSend');
INSERT INTO account (id, bank_id, name) VALUES ('567000001', '567', 'LuwidSend');
INSERT INTO account (id, bank_id, name) VALUES ('688000001', '688', 'LuwidSend');
INSERT INTO account (id, bank_id, name) VALUES ('945000001', '945', 'LuwidSend');
INSERT INTO account (id, bank_id, name) VALUES ('946000001', '946', 'LuwidSend');
INSERT INTO account (id, bank_id, name) VALUES ('947000001', '947', 'LuwidSend');
INSERT INTO account (id, bank_id, name) VALUES ('949000001', '949', 'LuwidSend');
INSERT INTO account (id, bank_id, name) VALUES ('950000001', '950', 'LuwidSend');

INSERT INTO user_app (id, password, role) VALUES ('002000001@gmail.com', '$2a$10$hZWJKAQNadyewKCKck5.dOx41N0DXCazcljxwmn8JLj1WhM/BoviW', 'USER');
INSERT INTO user_app (id, password, role) VALUES ('003000001@gmail.com', '$2a$10$hZWJKAQNadyewKCKck5.dOx41N0DXCazcljxwmn8JLj1WhM/BoviW', 'USER');
INSERT INTO user_app (id, password, role) VALUES ('008000001@gmail.com', '$2a$10$hZWJKAQNadyewKCKck5.dOx41N0DXCazcljxwmn8JLj1WhM/BoviW', 'USER');
INSERT INTO user_app (id, password, role) VALUES ('009000001@gmail.com', '$2a$10$hZWJKAQNadyewKCKck5.dOx41N0DXCazcljxwmn8JLj1WhM/BoviW', 'USER');
INSERT INTO user_app (id, password, role) VALUES ('011000001@gmail.com', '$2a$10$hZWJKAQNadyewKCKck5.dOx41N0DXCazcljxwmn8JLj1WhM/BoviW', 'USER');
INSERT INTO user_app (id, password, role) VALUES ('013000001@gmail.com', '$2a$10$hZWJKAQNadyewKCKck5.dOx41N0DXCazcljxwmn8JLj1WhM/BoviW', 'USER');
INSERT INTO user_app (id, password, role) VALUES ('014000001@gmail.com', '$2a$10$hZWJKAQNadyewKCKck5.dOx41N0DXCazcljxwmn8JLj1WhM/BoviW', 'USER');
INSERT INTO user_app (id, password, role) VALUES ('016000001@gmail.com', '$2a$10$hZWJKAQNadyewKCKck5.dOx41N0DXCazcljxwmn8JLj1WhM/BoviW', 'USER');
INSERT INTO user_app (id, password, role) VALUES ('019000001@gmail.com', '$2a$10$hZWJKAQNadyewKCKck5.dOx41N0DXCazcljxwmn8JLj1WhM/BoviW', 'USER');
INSERT INTO user_app (id, password, role) VALUES ('020000001@gmail.com', '$2a$10$hZWJKAQNadyewKCKck5.dOx41N0DXCazcljxwmn8JLj1WhM/BoviW', 'USER');
INSERT INTO user_app (id, password, role) VALUES ('022000001@gmail.com', '$2a$10$hZWJKAQNadyewKCKck5.dOx41N0DXCazcljxwmn8JLj1WhM/BoviW', 'USER');
INSERT INTO user_app (id, password, role) VALUES ('023000001@gmail.com', '$2a$10$hZWJKAQNadyewKCKck5.dOx41N0DXCazcljxwmn8JLj1WhM/BoviW', 'USER');
INSERT INTO user_app (id, password, role) VALUES ('028000001@gmail.com', '$2a$10$hZWJKAQNadyewKCKck5.dOx41N0DXCazcljxwmn8JLj1WhM/BoviW', 'USER');
INSERT INTO user_app (id, password, role) VALUES ('030000001@gmail.com', '$2a$10$hZWJKAQNadyewKCKck5.dOx41N0DXCazcljxwmn8JLj1WhM/BoviW', 'USER');
INSERT INTO user_app (id, password, role) VALUES ('031000001@gmail.com', '$2a$10$hZWJKAQNadyewKCKck5.dOx41N0DXCazcljxwmn8JLj1WhM/BoviW', 'USER');
INSERT INTO user_app (id, password, role) VALUES ('032000001@gmail.com', '$2a$10$hZWJKAQNadyewKCKck5.dOx41N0DXCazcljxwmn8JLj1WhM/BoviW', 'USER');
INSERT INTO user_app (id, password, role) VALUES ('033000001@gmail.com', '$2a$10$hZWJKAQNadyewKCKck5.dOx41N0DXCazcljxwmn8JLj1WhM/BoviW', 'USER');
INSERT INTO user_app (id, password, role) VALUES ('034000001@gmail.com', '$2a$10$hZWJKAQNadyewKCKck5.dOx41N0DXCazcljxwmn8JLj1WhM/BoviW', 'USER');
INSERT INTO user_app (id, password, role) VALUES ('036000001@gmail.com', '$2a$10$hZWJKAQNadyewKCKck5.dOx41N0DXCazcljxwmn8JLj1WhM/BoviW', 'USER');
INSERT INTO user_app (id, password, role) VALUES ('037000001@gmail.com', '$2a$10$hZWJKAQNadyewKCKck5.dOx41N0DXCazcljxwmn8JLj1WhM/BoviW', 'USER');
INSERT INTO user_app (id, password, role) VALUES ('039000001@gmail.com', '$2a$10$hZWJKAQNadyewKCKck5.dOx41N0DXCazcljxwmn8JLj1WhM/BoviW', 'USER');
INSERT INTO user_app (id, password, role) VALUES ('040000001@gmail.com', '$2a$10$hZWJKAQNadyewKCKck5.dOx41N0DXCazcljxwmn8JLj1WhM/BoviW', 'USER');
INSERT INTO user_app (id, password, role) VALUES ('041000001@gmail.com', '$2a$10$hZWJKAQNadyewKCKck5.dOx41N0DXCazcljxwmn8JLj1WhM/BoviW', 'USER');
INSERT INTO user_app (id, password, role) VALUES ('042000001@gmail.com', '$2a$10$hZWJKAQNadyewKCKck5.dOx41N0DXCazcljxwmn8JLj1WhM/BoviW', 'USER');
INSERT INTO user_app (id, password, role) VALUES ('046000001@gmail.com', '$2a$10$hZWJKAQNadyewKCKck5.dOx41N0DXCazcljxwmn8JLj1WhM/BoviW', 'USER');
INSERT INTO user_app (id, password, role) VALUES ('047000001@gmail.com', '$2a$10$hZWJKAQNadyewKCKck5.dOx41N0DXCazcljxwmn8JLj1WhM/BoviW', 'USER');
INSERT INTO user_app (id, password, role) VALUES ('048000001@gmail.com', '$2a$10$hZWJKAQNadyewKCKck5.dOx41N0DXCazcljxwmn8JLj1WhM/BoviW', 'USER');
INSERT INTO user_app (id, password, role) VALUES ('050000001@gmail.com', '$2a$10$hZWJKAQNadyewKCKck5.dOx41N0DXCazcljxwmn8JLj1WhM/BoviW', 'USER');
INSERT INTO user_app (id, password, role) VALUES ('053000001@gmail.com', '$2a$10$hZWJKAQNadyewKCKck5.dOx41N0DXCazcljxwmn8JLj1WhM/BoviW', 'USER');
INSERT INTO user_app (id, password, role) VALUES ('054000001@gmail.com', '$2a$10$hZWJKAQNadyewKCKck5.dOx41N0DXCazcljxwmn8JLj1WhM/BoviW', 'USER');
INSERT INTO user_app (id, password, role) VALUES ('057000001@gmail.com', '$2a$10$hZWJKAQNadyewKCKck5.dOx41N0DXCazcljxwmn8JLj1WhM/BoviW', 'USER');
INSERT INTO user_app (id, password, role) VALUES ('059000001@gmail.com', '$2a$10$hZWJKAQNadyewKCKck5.dOx41N0DXCazcljxwmn8JLj1WhM/BoviW', 'USER');
INSERT INTO user_app (id, password, role) VALUES ('061000001@gmail.com', '$2a$10$hZWJKAQNadyewKCKck5.dOx41N0DXCazcljxwmn8JLj1WhM/BoviW', 'USER');
INSERT INTO user_app (id, password, role) VALUES ('067000001@gmail.com', '$2a$10$hZWJKAQNadyewKCKck5.dOx41N0DXCazcljxwmn8JLj1WhM/BoviW', 'USER');
INSERT INTO user_app (id, password, role) VALUES ('069000001@gmail.com', '$2a$10$hZWJKAQNadyewKCKck5.dOx41N0DXCazcljxwmn8JLj1WhM/BoviW', 'USER');
INSERT INTO user_app (id, password, role) VALUES ('076000001@gmail.com', '$2a$10$hZWJKAQNadyewKCKck5.dOx41N0DXCazcljxwmn8JLj1WhM/BoviW', 'USER');
INSERT INTO user_app (id, password, role) VALUES ('087000001@gmail.com', '$2a$10$hZWJKAQNadyewKCKck5.dOx41N0DXCazcljxwmn8JLj1WhM/BoviW', 'USER');
INSERT INTO user_app (id, password, role) VALUES ('095000001@gmail.com', '$2a$10$hZWJKAQNadyewKCKck5.dOx41N0DXCazcljxwmn8JLj1WhM/BoviW', 'USER');
INSERT INTO user_app (id, password, role) VALUES ('097000001@gmail.com', '$2a$10$hZWJKAQNadyewKCKck5.dOx41N0DXCazcljxwmn8JLj1WhM/BoviW', 'USER');
INSERT INTO user_app (id, password, role) VALUES ('110000001@gmail.com', '$2a$10$hZWJKAQNadyewKCKck5.dOx41N0DXCazcljxwmn8JLj1WhM/BoviW', 'USER');
INSERT INTO user_app (id, password, role) VALUES ('111000001@gmail.com', '$2a$10$hZWJKAQNadyewKCKck5.dOx41N0DXCazcljxwmn8JLj1WhM/BoviW', 'USER');
INSERT INTO user_app (id, password, role) VALUES ('112000001@gmail.com', '$2a$10$hZWJKAQNadyewKCKck5.dOx41N0DXCazcljxwmn8JLj1WhM/BoviW', 'USER');
INSERT INTO user_app (id, password, role) VALUES ('113000001@gmail.com', '$2a$10$hZWJKAQNadyewKCKck5.dOx41N0DXCazcljxwmn8JLj1WhM/BoviW', 'USER');
INSERT INTO user_app (id, password, role) VALUES ('114000001@gmail.com', '$2a$10$hZWJKAQNadyewKCKck5.dOx41N0DXCazcljxwmn8JLj1WhM/BoviW', 'USER');
INSERT INTO user_app (id, password, role) VALUES ('115000001@gmail.com', '$2a$10$hZWJKAQNadyewKCKck5.dOx41N0DXCazcljxwmn8JLj1WhM/BoviW', 'USER');
INSERT INTO user_app (id, password, role) VALUES ('116000001@gmail.com', '$2a$10$hZWJKAQNadyewKCKck5.dOx41N0DXCazcljxwmn8JLj1WhM/BoviW', 'USER');
INSERT INTO user_app (id, password, role) VALUES ('117000001@gmail.com', '$2a$10$hZWJKAQNadyewKCKck5.dOx41N0DXCazcljxwmn8JLj1WhM/BoviW', 'USER');
INSERT INTO user_app (id, password, role) VALUES ('118000001@gmail.com', '$2a$10$hZWJKAQNadyewKCKck5.dOx41N0DXCazcljxwmn8JLj1WhM/BoviW', 'USER');
INSERT INTO user_app (id, password, role) VALUES ('119000001@gmail.com', '$2a$10$hZWJKAQNadyewKCKck5.dOx41N0DXCazcljxwmn8JLj1WhM/BoviW', 'USER');
INSERT INTO user_app (id, password, role) VALUES ('120000001@gmail.com', '$2a$10$hZWJKAQNadyewKCKck5.dOx41N0DXCazcljxwmn8JLj1WhM/BoviW', 'USER');
INSERT INTO user_app (id, password, role) VALUES ('121000001@gmail.com', '$2a$10$hZWJKAQNadyewKCKck5.dOx41N0DXCazcljxwmn8JLj1WhM/BoviW', 'USER');
INSERT INTO user_app (id, password, role) VALUES ('122000001@gmail.com', '$2a$10$hZWJKAQNadyewKCKck5.dOx41N0DXCazcljxwmn8JLj1WhM/BoviW', 'USER');
INSERT INTO user_app (id, password, role) VALUES ('123000001@gmail.com', '$2a$10$hZWJKAQNadyewKCKck5.dOx41N0DXCazcljxwmn8JLj1WhM/BoviW', 'USER');
INSERT INTO user_app (id, password, role) VALUES ('124000001@gmail.com', '$2a$10$hZWJKAQNadyewKCKck5.dOx41N0DXCazcljxwmn8JLj1WhM/BoviW', 'USER');
INSERT INTO user_app (id, password, role) VALUES ('125000001@gmail.com', '$2a$10$hZWJKAQNadyewKCKck5.dOx41N0DXCazcljxwmn8JLj1WhM/BoviW', 'USER');
INSERT INTO user_app (id, password, role) VALUES ('126000001@gmail.com', '$2a$10$hZWJKAQNadyewKCKck5.dOx41N0DXCazcljxwmn8JLj1WhM/BoviW', 'USER');
INSERT INTO user_app (id, password, role) VALUES ('127000001@gmail.com', '$2a$10$hZWJKAQNadyewKCKck5.dOx41N0DXCazcljxwmn8JLj1WhM/BoviW', 'USER');
INSERT INTO user_app (id, password, role) VALUES ('128000001@gmail.com', '$2a$10$hZWJKAQNadyewKCKck5.dOx41N0DXCazcljxwmn8JLj1WhM/BoviW', 'USER');
INSERT INTO user_app (id, password, role) VALUES ('129000001@gmail.com', '$2a$10$hZWJKAQNadyewKCKck5.dOx41N0DXCazcljxwmn8JLj1WhM/BoviW', 'USER');
INSERT INTO user_app (id, password, role) VALUES ('130000001@gmail.com', '$2a$10$hZWJKAQNadyewKCKck5.dOx41N0DXCazcljxwmn8JLj1WhM/BoviW', 'USER');
INSERT INTO user_app (id, password, role) VALUES ('131000001@gmail.com', '$2a$10$hZWJKAQNadyewKCKck5.dOx41N0DXCazcljxwmn8JLj1WhM/BoviW', 'USER');
INSERT INTO user_app (id, password, role) VALUES ('132000001@gmail.com', '$2a$10$hZWJKAQNadyewKCKck5.dOx41N0DXCazcljxwmn8JLj1WhM/BoviW', 'USER');
INSERT INTO user_app (id, password, role) VALUES ('133000001@gmail.com', '$2a$10$hZWJKAQNadyewKCKck5.dOx41N0DXCazcljxwmn8JLj1WhM/BoviW', 'USER');
INSERT INTO user_app (id, password, role) VALUES ('134000001@gmail.com', '$2a$10$hZWJKAQNadyewKCKck5.dOx41N0DXCazcljxwmn8JLj1WhM/BoviW', 'USER');
INSERT INTO user_app (id, password, role) VALUES ('135000001@gmail.com', '$2a$10$hZWJKAQNadyewKCKck5.dOx41N0DXCazcljxwmn8JLj1WhM/BoviW', 'USER');
INSERT INTO user_app (id, password, role) VALUES ('145000001@gmail.com', '$2a$10$hZWJKAQNadyewKCKck5.dOx41N0DXCazcljxwmn8JLj1WhM/BoviW', 'USER');
INSERT INTO user_app (id, password, role) VALUES ('146000001@gmail.com', '$2a$10$hZWJKAQNadyewKCKck5.dOx41N0DXCazcljxwmn8JLj1WhM/BoviW', 'USER');
INSERT INTO user_app (id, password, role) VALUES ('147000001@gmail.com', '$2a$10$hZWJKAQNadyewKCKck5.dOx41N0DXCazcljxwmn8JLj1WhM/BoviW', 'USER');
INSERT INTO user_app (id, password, role) VALUES ('151000001@gmail.com', '$2a$10$hZWJKAQNadyewKCKck5.dOx41N0DXCazcljxwmn8JLj1WhM/BoviW', 'USER');
INSERT INTO user_app (id, password, role) VALUES ('152000001@gmail.com', '$2a$10$hZWJKAQNadyewKCKck5.dOx41N0DXCazcljxwmn8JLj1WhM/BoviW', 'USER');
INSERT INTO user_app (id, password, role) VALUES ('153000001@gmail.com', '$2a$10$hZWJKAQNadyewKCKck5.dOx41N0DXCazcljxwmn8JLj1WhM/BoviW', 'USER');
INSERT INTO user_app (id, password, role) VALUES ('157000001@gmail.com', '$2a$10$hZWJKAQNadyewKCKck5.dOx41N0DXCazcljxwmn8JLj1WhM/BoviW', 'USER');
INSERT INTO user_app (id, password, role) VALUES ('161000001@gmail.com', '$2a$10$hZWJKAQNadyewKCKck5.dOx41N0DXCazcljxwmn8JLj1WhM/BoviW', 'USER');
INSERT INTO user_app (id, password, role) VALUES ('162000001@gmail.com', '$2a$10$hZWJKAQNadyewKCKck5.dOx41N0DXCazcljxwmn8JLj1WhM/BoviW', 'USER');
INSERT INTO user_app (id, password, role) VALUES ('164000001@gmail.com', '$2a$10$hZWJKAQNadyewKCKck5.dOx41N0DXCazcljxwmn8JLj1WhM/BoviW', 'USER');
INSERT INTO user_app (id, password, role) VALUES ('166000001@gmail.com', '$2a$10$hZWJKAQNadyewKCKck5.dOx41N0DXCazcljxwmn8JLj1WhM/BoviW', 'USER');
INSERT INTO user_app (id, password, role) VALUES ('167000001@gmail.com', '$2a$10$hZWJKAQNadyewKCKck5.dOx41N0DXCazcljxwmn8JLj1WhM/BoviW', 'USER');
INSERT INTO user_app (id, password, role) VALUES ('200000001@gmail.com', '$2a$10$hZWJKAQNadyewKCKck5.dOx41N0DXCazcljxwmn8JLj1WhM/BoviW', 'USER');
INSERT INTO user_app (id, password, role) VALUES ('212000001@gmail.com', '$2a$10$hZWJKAQNadyewKCKck5.dOx41N0DXCazcljxwmn8JLj1WhM/BoviW', 'USER');
INSERT INTO user_app (id, password, role) VALUES ('213000001@gmail.com', '$2a$10$hZWJKAQNadyewKCKck5.dOx41N0DXCazcljxwmn8JLj1WhM/BoviW', 'USER');
INSERT INTO user_app (id, password, role) VALUES ('405000001@gmail.com', '$2a$10$hZWJKAQNadyewKCKck5.dOx41N0DXCazcljxwmn8JLj1WhM/BoviW', 'USER');
INSERT INTO user_app (id, password, role) VALUES ('422000001@gmail.com', '$2a$10$hZWJKAQNadyewKCKck5.dOx41N0DXCazcljxwmn8JLj1WhM/BoviW', 'USER');
INSERT INTO user_app (id, password, role) VALUES ('425000001@gmail.com', '$2a$10$hZWJKAQNadyewKCKck5.dOx41N0DXCazcljxwmn8JLj1WhM/BoviW', 'USER');
INSERT INTO user_app (id, password, role) VALUES ('426000001@gmail.com', '$2a$10$hZWJKAQNadyewKCKck5.dOx41N0DXCazcljxwmn8JLj1WhM/BoviW', 'USER');
INSERT INTO user_app (id, password, role) VALUES ('427000001@gmail.com', '$2a$10$hZWJKAQNadyewKCKck5.dOx41N0DXCazcljxwmn8JLj1WhM/BoviW', 'USER');
INSERT INTO user_app (id, password, role) VALUES ('441000001@gmail.com', '$2a$10$hZWJKAQNadyewKCKck5.dOx41N0DXCazcljxwmn8JLj1WhM/BoviW', 'USER');
INSERT INTO user_app (id, password, role) VALUES ('451000001@gmail.com', '$2a$10$hZWJKAQNadyewKCKck5.dOx41N0DXCazcljxwmn8JLj1WhM/BoviW', 'USER');
INSERT INTO user_app (id, password, role) VALUES ('459000001@gmail.com', '$2a$10$hZWJKAQNadyewKCKck5.dOx41N0DXCazcljxwmn8JLj1WhM/BoviW', 'USER');
INSERT INTO user_app (id, password, role) VALUES ('466000001@gmail.com', '$2a$10$hZWJKAQNadyewKCKck5.dOx41N0DXCazcljxwmn8JLj1WhM/BoviW', 'USER');
INSERT INTO user_app (id, password, role) VALUES ('472000001@gmail.com', '$2a$10$hZWJKAQNadyewKCKck5.dOx41N0DXCazcljxwmn8JLj1WhM/BoviW', 'USER');
INSERT INTO user_app (id, password, role) VALUES ('484000001@gmail.com', '$2a$10$hZWJKAQNadyewKCKck5.dOx41N0DXCazcljxwmn8JLj1WhM/BoviW', 'USER');
INSERT INTO user_app (id, password, role) VALUES ('485000001@gmail.com', '$2a$10$hZWJKAQNadyewKCKck5.dOx41N0DXCazcljxwmn8JLj1WhM/BoviW', 'USER');
INSERT INTO user_app (id, password, role) VALUES ('490000001@gmail.com', '$2a$10$hZWJKAQNadyewKCKck5.dOx41N0DXCazcljxwmn8JLj1WhM/BoviW', 'USER');
INSERT INTO user_app (id, password, role) VALUES ('494000001@gmail.com', '$2a$10$hZWJKAQNadyewKCKck5.dOx41N0DXCazcljxwmn8JLj1WhM/BoviW', 'USER');
INSERT INTO user_app (id, password, role) VALUES ('498000001@gmail.com', '$2a$10$hZWJKAQNadyewKCKck5.dOx41N0DXCazcljxwmn8JLj1WhM/BoviW', 'USER');
INSERT INTO user_app (id, password, role) VALUES ('501000001@gmail.com', '$2a$10$hZWJKAQNadyewKCKck5.dOx41N0DXCazcljxwmn8JLj1WhM/BoviW', 'USER');
INSERT INTO user_app (id, password, role) VALUES ('503000001@gmail.com', '$2a$10$hZWJKAQNadyewKCKck5.dOx41N0DXCazcljxwmn8JLj1WhM/BoviW', 'USER');
INSERT INTO user_app (id, password, role) VALUES ('506000001@gmail.com', '$2a$10$hZWJKAQNadyewKCKck5.dOx41N0DXCazcljxwmn8JLj1WhM/BoviW', 'USER');
INSERT INTO user_app (id, password, role) VALUES ('513000001@gmail.com', '$2a$10$hZWJKAQNadyewKCKck5.dOx41N0DXCazcljxwmn8JLj1WhM/BoviW', 'USER');
INSERT INTO user_app (id, password, role) VALUES ('517000001@gmail.com', '$2a$10$hZWJKAQNadyewKCKck5.dOx41N0DXCazcljxwmn8JLj1WhM/BoviW', 'USER');
INSERT INTO user_app (id, password, role) VALUES ('520000001@gmail.com', '$2a$10$hZWJKAQNadyewKCKck5.dOx41N0DXCazcljxwmn8JLj1WhM/BoviW', 'USER');
INSERT INTO user_app (id, password, role) VALUES ('521000001@gmail.com', '$2a$10$hZWJKAQNadyewKCKck5.dOx41N0DXCazcljxwmn8JLj1WhM/BoviW', 'USER');
INSERT INTO user_app (id, password, role) VALUES ('523000001@gmail.com', '$2a$10$hZWJKAQNadyewKCKck5.dOx41N0DXCazcljxwmn8JLj1WhM/BoviW', 'USER');
INSERT INTO user_app (id, password, role) VALUES ('525000001@gmail.com', '$2a$10$hZWJKAQNadyewKCKck5.dOx41N0DXCazcljxwmn8JLj1WhM/BoviW', 'USER');
INSERT INTO user_app (id, password, role) VALUES ('526000001@gmail.com', '$2a$10$hZWJKAQNadyewKCKck5.dOx41N0DXCazcljxwmn8JLj1WhM/BoviW', 'USER');
INSERT INTO user_app (id, password, role) VALUES ('531000001@gmail.com', '$2a$10$hZWJKAQNadyewKCKck5.dOx41N0DXCazcljxwmn8JLj1WhM/BoviW', 'USER');
INSERT INTO user_app (id, password, role) VALUES ('535000001@gmail.com', '$2a$10$hZWJKAQNadyewKCKck5.dOx41N0DXCazcljxwmn8JLj1WhM/BoviW', 'USER');
INSERT INTO user_app (id, password, role) VALUES ('536000001@gmail.com', '$2a$10$hZWJKAQNadyewKCKck5.dOx41N0DXCazcljxwmn8JLj1WhM/BoviW', 'USER');
INSERT INTO user_app (id, password, role) VALUES ('542000001@gmail.com', '$2a$10$hZWJKAQNadyewKCKck5.dOx41N0DXCazcljxwmn8JLj1WhM/BoviW', 'USER');
INSERT INTO user_app (id, password, role) VALUES ('547000001@gmail.com', '$2a$10$hZWJKAQNadyewKCKck5.dOx41N0DXCazcljxwmn8JLj1WhM/BoviW', 'USER');
INSERT INTO user_app (id, password, role) VALUES ('548000001@gmail.com', '$2a$10$hZWJKAQNadyewKCKck5.dOx41N0DXCazcljxwmn8JLj1WhM/BoviW', 'USER');
INSERT INTO user_app (id, password, role) VALUES ('553000001@gmail.com', '$2a$10$hZWJKAQNadyewKCKck5.dOx41N0DXCazcljxwmn8JLj1WhM/BoviW', 'USER');
INSERT INTO user_app (id, password, role) VALUES ('555000001@gmail.com', '$2a$10$hZWJKAQNadyewKCKck5.dOx41N0DXCazcljxwmn8JLj1WhM/BoviW', 'USER');
INSERT INTO user_app (id, password, role) VALUES ('559000001@gmail.com', '$2a$10$hZWJKAQNadyewKCKck5.dOx41N0DXCazcljxwmn8JLj1WhM/BoviW', 'USER');
INSERT INTO user_app (id, password, role) VALUES ('562000001@gmail.com', '$2a$10$hZWJKAQNadyewKCKck5.dOx41N0DXCazcljxwmn8JLj1WhM/BoviW', 'USER');
INSERT INTO user_app (id, password, role) VALUES ('564000001@gmail.com', '$2a$10$hZWJKAQNadyewKCKck5.dOx41N0DXCazcljxwmn8JLj1WhM/BoviW', 'USER');
INSERT INTO user_app (id, password, role) VALUES ('566000001@gmail.com', '$2a$10$hZWJKAQNadyewKCKck5.dOx41N0DXCazcljxwmn8JLj1WhM/BoviW', 'USER');
INSERT INTO user_app (id, password, role) VALUES ('567000001@gmail.com', '$2a$10$hZWJKAQNadyewKCKck5.dOx41N0DXCazcljxwmn8JLj1WhM/BoviW', 'USER');
INSERT INTO user_app (id, password, role) VALUES ('688000001@gmail.com', '$2a$10$hZWJKAQNadyewKCKck5.dOx41N0DXCazcljxwmn8JLj1WhM/BoviW', 'USER');
INSERT INTO user_app (id, password, role) VALUES ('945000001@gmail.com', '$2a$10$hZWJKAQNadyewKCKck5.dOx41N0DXCazcljxwmn8JLj1WhM/BoviW', 'USER');
INSERT INTO user_app (id, password, role) VALUES ('946000001@gmail.com', '$2a$10$hZWJKAQNadyewKCKck5.dOx41N0DXCazcljxwmn8JLj1WhM/BoviW', 'USER');
INSERT INTO user_app (id, password, role) VALUES ('947000001@gmail.com', '$2a$10$hZWJKAQNadyewKCKck5.dOx41N0DXCazcljxwmn8JLj1WhM/BoviW', 'USER');
INSERT INTO user_app (id, password, role) VALUES ('949000001@gmail.com', '$2a$10$hZWJKAQNadyewKCKck5.dOx41N0DXCazcljxwmn8JLj1WhM/BoviW', 'USER');
INSERT INTO user_app (id, password, role) VALUES ('950000001@gmail.com', '$2a$10$hZWJKAQNadyewKCKck5.dOx41N0DXCazcljxwmn8JLj1WhM/BoviW', 'USER');

INSERT INTO user_app (id, password, role) VALUES ('002000002@gmail.com', '$2a$10$hZWJKAQNadyewKCKck5.dOx41N0DXCazcljxwmn8JLj1WhM/BoviW', 'USER');
INSERT INTO user_app (id, password, role) VALUES ('003000002@gmail.com', '$2a$10$hZWJKAQNadyewKCKck5.dOx41N0DXCazcljxwmn8JLj1WhM/BoviW', 'USER');
INSERT INTO user_app (id, password, role) VALUES ('008000002@gmail.com', '$2a$10$hZWJKAQNadyewKCKck5.dOx41N0DXCazcljxwmn8JLj1WhM/BoviW', 'USER');
INSERT INTO user_app (id, password, role) VALUES ('009000002@gmail.com', '$2a$10$hZWJKAQNadyewKCKck5.dOx41N0DXCazcljxwmn8JLj1WhM/BoviW', 'USER');
INSERT INTO user_app (id, password, role) VALUES ('011000002@gmail.com', '$2a$10$hZWJKAQNadyewKCKck5.dOx41N0DXCazcljxwmn8JLj1WhM/BoviW', 'USER');
INSERT INTO user_app (id, password, role) VALUES ('013000002@gmail.com', '$2a$10$hZWJKAQNadyewKCKck5.dOx41N0DXCazcljxwmn8JLj1WhM/BoviW', 'USER');
INSERT INTO user_app (id, password, role) VALUES ('014000002@gmail.com', '$2a$10$hZWJKAQNadyewKCKck5.dOx41N0DXCazcljxwmn8JLj1WhM/BoviW', 'USER');
INSERT INTO user_app (id, password, role) VALUES ('016000002@gmail.com', '$2a$10$hZWJKAQNadyewKCKck5.dOx41N0DXCazcljxwmn8JLj1WhM/BoviW', 'USER');
INSERT INTO user_app (id, password, role) VALUES ('019000002@gmail.com', '$2a$10$hZWJKAQNadyewKCKck5.dOx41N0DXCazcljxwmn8JLj1WhM/BoviW', 'USER');
INSERT INTO user_app (id, password, role) VALUES ('020000002@gmail.com', '$2a$10$hZWJKAQNadyewKCKck5.dOx41N0DXCazcljxwmn8JLj1WhM/BoviW', 'USER');
INSERT INTO user_app (id, password, role) VALUES ('022000002@gmail.com', '$2a$10$hZWJKAQNadyewKCKck5.dOx41N0DXCazcljxwmn8JLj1WhM/BoviW', 'USER');
INSERT INTO user_app (id, password, role) VALUES ('023000002@gmail.com', '$2a$10$hZWJKAQNadyewKCKck5.dOx41N0DXCazcljxwmn8JLj1WhM/BoviW', 'USER');
INSERT INTO user_app (id, password, role) VALUES ('028000002@gmail.com', '$2a$10$hZWJKAQNadyewKCKck5.dOx41N0DXCazcljxwmn8JLj1WhM/BoviW', 'USER');
INSERT INTO user_app (id, password, role) VALUES ('030000002@gmail.com', '$2a$10$hZWJKAQNadyewKCKck5.dOx41N0DXCazcljxwmn8JLj1WhM/BoviW', 'USER');
INSERT INTO user_app (id, password, role) VALUES ('031000002@gmail.com', '$2a$10$hZWJKAQNadyewKCKck5.dOx41N0DXCazcljxwmn8JLj1WhM/BoviW', 'USER');
INSERT INTO user_app (id, password, role) VALUES ('032000002@gmail.com', '$2a$10$hZWJKAQNadyewKCKck5.dOx41N0DXCazcljxwmn8JLj1WhM/BoviW', 'USER');
INSERT INTO user_app (id, password, role) VALUES ('033000002@gmail.com', '$2a$10$hZWJKAQNadyewKCKck5.dOx41N0DXCazcljxwmn8JLj1WhM/BoviW', 'USER');
INSERT INTO user_app (id, password, role) VALUES ('034000002@gmail.com', '$2a$10$hZWJKAQNadyewKCKck5.dOx41N0DXCazcljxwmn8JLj1WhM/BoviW', 'USER');
INSERT INTO user_app (id, password, role) VALUES ('036000002@gmail.com', '$2a$10$hZWJKAQNadyewKCKck5.dOx41N0DXCazcljxwmn8JLj1WhM/BoviW', 'USER');
INSERT INTO user_app (id, password, role) VALUES ('037000002@gmail.com', '$2a$10$hZWJKAQNadyewKCKck5.dOx41N0DXCazcljxwmn8JLj1WhM/BoviW', 'USER');
INSERT INTO user_app (id, password, role) VALUES ('039000002@gmail.com', '$2a$10$hZWJKAQNadyewKCKck5.dOx41N0DXCazcljxwmn8JLj1WhM/BoviW', 'USER');
INSERT INTO user_app (id, password, role) VALUES ('040000002@gmail.com', '$2a$10$hZWJKAQNadyewKCKck5.dOx41N0DXCazcljxwmn8JLj1WhM/BoviW', 'USER');
INSERT INTO user_app (id, password, role) VALUES ('041000002@gmail.com', '$2a$10$hZWJKAQNadyewKCKck5.dOx41N0DXCazcljxwmn8JLj1WhM/BoviW', 'USER');
INSERT INTO user_app (id, password, role) VALUES ('042000002@gmail.com', '$2a$10$hZWJKAQNadyewKCKck5.dOx41N0DXCazcljxwmn8JLj1WhM/BoviW', 'USER');
INSERT INTO user_app (id, password, role) VALUES ('046000002@gmail.com', '$2a$10$hZWJKAQNadyewKCKck5.dOx41N0DXCazcljxwmn8JLj1WhM/BoviW', 'USER');
INSERT INTO user_app (id, password, role) VALUES ('047000002@gmail.com', '$2a$10$hZWJKAQNadyewKCKck5.dOx41N0DXCazcljxwmn8JLj1WhM/BoviW', 'USER');
INSERT INTO user_app (id, password, role) VALUES ('048000002@gmail.com', '$2a$10$hZWJKAQNadyewKCKck5.dOx41N0DXCazcljxwmn8JLj1WhM/BoviW', 'USER');
INSERT INTO user_app (id, password, role) VALUES ('050000002@gmail.com', '$2a$10$hZWJKAQNadyewKCKck5.dOx41N0DXCazcljxwmn8JLj1WhM/BoviW', 'USER');
INSERT INTO user_app (id, password, role) VALUES ('053000002@gmail.com', '$2a$10$hZWJKAQNadyewKCKck5.dOx41N0DXCazcljxwmn8JLj1WhM/BoviW', 'USER');
INSERT INTO user_app (id, password, role) VALUES ('054000002@gmail.com', '$2a$10$hZWJKAQNadyewKCKck5.dOx41N0DXCazcljxwmn8JLj1WhM/BoviW', 'USER');
INSERT INTO user_app (id, password, role) VALUES ('057000002@gmail.com', '$2a$10$hZWJKAQNadyewKCKck5.dOx41N0DXCazcljxwmn8JLj1WhM/BoviW', 'USER');
INSERT INTO user_app (id, password, role) VALUES ('059000002@gmail.com', '$2a$10$hZWJKAQNadyewKCKck5.dOx41N0DXCazcljxwmn8JLj1WhM/BoviW', 'USER');
INSERT INTO user_app (id, password, role) VALUES ('061000002@gmail.com', '$2a$10$hZWJKAQNadyewKCKck5.dOx41N0DXCazcljxwmn8JLj1WhM/BoviW', 'USER');
INSERT INTO user_app (id, password, role) VALUES ('067000002@gmail.com', '$2a$10$hZWJKAQNadyewKCKck5.dOx41N0DXCazcljxwmn8JLj1WhM/BoviW', 'USER');
INSERT INTO user_app (id, password, role) VALUES ('069000002@gmail.com', '$2a$10$hZWJKAQNadyewKCKck5.dOx41N0DXCazcljxwmn8JLj1WhM/BoviW', 'USER');
INSERT INTO user_app (id, password, role) VALUES ('076000002@gmail.com', '$2a$10$hZWJKAQNadyewKCKck5.dOx41N0DXCazcljxwmn8JLj1WhM/BoviW', 'USER');
INSERT INTO user_app (id, password, role) VALUES ('087000002@gmail.com', '$2a$10$hZWJKAQNadyewKCKck5.dOx41N0DXCazcljxwmn8JLj1WhM/BoviW', 'USER');
INSERT INTO user_app (id, password, role) VALUES ('095000002@gmail.com', '$2a$10$hZWJKAQNadyewKCKck5.dOx41N0DXCazcljxwmn8JLj1WhM/BoviW', 'USER');
INSERT INTO user_app (id, password, role) VALUES ('097000002@gmail.com', '$2a$10$hZWJKAQNadyewKCKck5.dOx41N0DXCazcljxwmn8JLj1WhM/BoviW', 'USER');
INSERT INTO user_app (id, password, role) VALUES ('110000002@gmail.com', '$2a$10$hZWJKAQNadyewKCKck5.dOx41N0DXCazcljxwmn8JLj1WhM/BoviW', 'USER');
INSERT INTO user_app (id, password, role) VALUES ('111000002@gmail.com', '$2a$10$hZWJKAQNadyewKCKck5.dOx41N0DXCazcljxwmn8JLj1WhM/BoviW', 'USER');
INSERT INTO user_app (id, password, role) VALUES ('112000002@gmail.com', '$2a$10$hZWJKAQNadyewKCKck5.dOx41N0DXCazcljxwmn8JLj1WhM/BoviW', 'USER');
INSERT INTO user_app (id, password, role) VALUES ('113000002@gmail.com', '$2a$10$hZWJKAQNadyewKCKck5.dOx41N0DXCazcljxwmn8JLj1WhM/BoviW', 'USER');
INSERT INTO user_app (id, password, role) VALUES ('114000002@gmail.com', '$2a$10$hZWJKAQNadyewKCKck5.dOx41N0DXCazcljxwmn8JLj1WhM/BoviW', 'USER');
INSERT INTO user_app (id, password, role) VALUES ('115000002@gmail.com', '$2a$10$hZWJKAQNadyewKCKck5.dOx41N0DXCazcljxwmn8JLj1WhM/BoviW', 'USER');
INSERT INTO user_app (id, password, role) VALUES ('116000002@gmail.com', '$2a$10$hZWJKAQNadyewKCKck5.dOx41N0DXCazcljxwmn8JLj1WhM/BoviW', 'USER');
INSERT INTO user_app (id, password, role) VALUES ('117000002@gmail.com', '$2a$10$hZWJKAQNadyewKCKck5.dOx41N0DXCazcljxwmn8JLj1WhM/BoviW', 'USER');
INSERT INTO user_app (id, password, role) VALUES ('118000002@gmail.com', '$2a$10$hZWJKAQNadyewKCKck5.dOx41N0DXCazcljxwmn8JLj1WhM/BoviW', 'USER');
INSERT INTO user_app (id, password, role) VALUES ('119000002@gmail.com', '$2a$10$hZWJKAQNadyewKCKck5.dOx41N0DXCazcljxwmn8JLj1WhM/BoviW', 'USER');
INSERT INTO user_app (id, password, role) VALUES ('120000002@gmail.com', '$2a$10$hZWJKAQNadyewKCKck5.dOx41N0DXCazcljxwmn8JLj1WhM/BoviW', 'USER');
INSERT INTO user_app (id, password, role) VALUES ('121000002@gmail.com', '$2a$10$hZWJKAQNadyewKCKck5.dOx41N0DXCazcljxwmn8JLj1WhM/BoviW', 'USER');
INSERT INTO user_app (id, password, role) VALUES ('122000002@gmail.com', '$2a$10$hZWJKAQNadyewKCKck5.dOx41N0DXCazcljxwmn8JLj1WhM/BoviW', 'USER');
INSERT INTO user_app (id, password, role) VALUES ('123000002@gmail.com', '$2a$10$hZWJKAQNadyewKCKck5.dOx41N0DXCazcljxwmn8JLj1WhM/BoviW', 'USER');
INSERT INTO user_app (id, password, role) VALUES ('124000002@gmail.com', '$2a$10$hZWJKAQNadyewKCKck5.dOx41N0DXCazcljxwmn8JLj1WhM/BoviW', 'USER');
INSERT INTO user_app (id, password, role) VALUES ('125000002@gmail.com', '$2a$10$hZWJKAQNadyewKCKck5.dOx41N0DXCazcljxwmn8JLj1WhM/BoviW', 'USER');
INSERT INTO user_app (id, password, role) VALUES ('126000002@gmail.com', '$2a$10$hZWJKAQNadyewKCKck5.dOx41N0DXCazcljxwmn8JLj1WhM/BoviW', 'USER');
INSERT INTO user_app (id, password, role) VALUES ('127000002@gmail.com', '$2a$10$hZWJKAQNadyewKCKck5.dOx41N0DXCazcljxwmn8JLj1WhM/BoviW', 'USER');
INSERT INTO user_app (id, password, role) VALUES ('128000002@gmail.com', '$2a$10$hZWJKAQNadyewKCKck5.dOx41N0DXCazcljxwmn8JLj1WhM/BoviW', 'USER');
INSERT INTO user_app (id, password, role) VALUES ('129000002@gmail.com', '$2a$10$hZWJKAQNadyewKCKck5.dOx41N0DXCazcljxwmn8JLj1WhM/BoviW', 'USER');
INSERT INTO user_app (id, password, role) VALUES ('130000002@gmail.com', '$2a$10$hZWJKAQNadyewKCKck5.dOx41N0DXCazcljxwmn8JLj1WhM/BoviW', 'USER');
INSERT INTO user_app (id, password, role) VALUES ('131000002@gmail.com', '$2a$10$hZWJKAQNadyewKCKck5.dOx41N0DXCazcljxwmn8JLj1WhM/BoviW', 'USER');
INSERT INTO user_app (id, password, role) VALUES ('132000002@gmail.com', '$2a$10$hZWJKAQNadyewKCKck5.dOx41N0DXCazcljxwmn8JLj1WhM/BoviW', 'USER');
INSERT INTO user_app (id, password, role) VALUES ('133000002@gmail.com', '$2a$10$hZWJKAQNadyewKCKck5.dOx41N0DXCazcljxwmn8JLj1WhM/BoviW', 'USER');
INSERT INTO user_app (id, password, role) VALUES ('134000002@gmail.com', '$2a$10$hZWJKAQNadyewKCKck5.dOx41N0DXCazcljxwmn8JLj1WhM/BoviW', 'USER');
INSERT INTO user_app (id, password, role) VALUES ('135000002@gmail.com', '$2a$10$hZWJKAQNadyewKCKck5.dOx41N0DXCazcljxwmn8JLj1WhM/BoviW', 'USER');
INSERT INTO user_app (id, password, role) VALUES ('145000002@gmail.com', '$2a$10$hZWJKAQNadyewKCKck5.dOx41N0DXCazcljxwmn8JLj1WhM/BoviW', 'USER');
INSERT INTO user_app (id, password, role) VALUES ('146000002@gmail.com', '$2a$10$hZWJKAQNadyewKCKck5.dOx41N0DXCazcljxwmn8JLj1WhM/BoviW', 'USER');
INSERT INTO user_app (id, password, role) VALUES ('147000002@gmail.com', '$2a$10$hZWJKAQNadyewKCKck5.dOx41N0DXCazcljxwmn8JLj1WhM/BoviW', 'USER');
INSERT INTO user_app (id, password, role) VALUES ('151000002@gmail.com', '$2a$10$hZWJKAQNadyewKCKck5.dOx41N0DXCazcljxwmn8JLj1WhM/BoviW', 'USER');
INSERT INTO user_app (id, password, role) VALUES ('152000002@gmail.com', '$2a$10$hZWJKAQNadyewKCKck5.dOx41N0DXCazcljxwmn8JLj1WhM/BoviW', 'USER');
INSERT INTO user_app (id, password, role) VALUES ('153000002@gmail.com', '$2a$10$hZWJKAQNadyewKCKck5.dOx41N0DXCazcljxwmn8JLj1WhM/BoviW', 'USER');
INSERT INTO user_app (id, password, role) VALUES ('157000002@gmail.com', '$2a$10$hZWJKAQNadyewKCKck5.dOx41N0DXCazcljxwmn8JLj1WhM/BoviW', 'USER');
INSERT INTO user_app (id, password, role) VALUES ('161000002@gmail.com', '$2a$10$hZWJKAQNadyewKCKck5.dOx41N0DXCazcljxwmn8JLj1WhM/BoviW', 'USER');
INSERT INTO user_app (id, password, role) VALUES ('162000002@gmail.com', '$2a$10$hZWJKAQNadyewKCKck5.dOx41N0DXCazcljxwmn8JLj1WhM/BoviW', 'USER');
INSERT INTO user_app (id, password, role) VALUES ('164000002@gmail.com', '$2a$10$hZWJKAQNadyewKCKck5.dOx41N0DXCazcljxwmn8JLj1WhM/BoviW', 'USER');
INSERT INTO user_app (id, password, role) VALUES ('166000002@gmail.com', '$2a$10$hZWJKAQNadyewKCKck5.dOx41N0DXCazcljxwmn8JLj1WhM/BoviW', 'USER');
INSERT INTO user_app (id, password, role) VALUES ('167000002@gmail.com', '$2a$10$hZWJKAQNadyewKCKck5.dOx41N0DXCazcljxwmn8JLj1WhM/BoviW', 'USER');
INSERT INTO user_app (id, password, role) VALUES ('200000002@gmail.com', '$2a$10$hZWJKAQNadyewKCKck5.dOx41N0DXCazcljxwmn8JLj1WhM/BoviW', 'USER');
INSERT INTO user_app (id, password, role) VALUES ('212000002@gmail.com', '$2a$10$hZWJKAQNadyewKCKck5.dOx41N0DXCazcljxwmn8JLj1WhM/BoviW', 'USER');
INSERT INTO user_app (id, password, role) VALUES ('213000002@gmail.com', '$2a$10$hZWJKAQNadyewKCKck5.dOx41N0DXCazcljxwmn8JLj1WhM/BoviW', 'USER');
INSERT INTO user_app (id, password, role) VALUES ('405000002@gmail.com', '$2a$10$hZWJKAQNadyewKCKck5.dOx41N0DXCazcljxwmn8JLj1WhM/BoviW', 'USER');
INSERT INTO user_app (id, password, role) VALUES ('422000002@gmail.com', '$2a$10$hZWJKAQNadyewKCKck5.dOx41N0DXCazcljxwmn8JLj1WhM/BoviW', 'USER');
INSERT INTO user_app (id, password, role) VALUES ('425000002@gmail.com', '$2a$10$hZWJKAQNadyewKCKck5.dOx41N0DXCazcljxwmn8JLj1WhM/BoviW', 'USER');
INSERT INTO user_app (id, password, role) VALUES ('426000002@gmail.com', '$2a$10$hZWJKAQNadyewKCKck5.dOx41N0DXCazcljxwmn8JLj1WhM/BoviW', 'USER');
INSERT INTO user_app (id, password, role) VALUES ('427000002@gmail.com', '$2a$10$hZWJKAQNadyewKCKck5.dOx41N0DXCazcljxwmn8JLj1WhM/BoviW', 'USER');
INSERT INTO user_app (id, password, role) VALUES ('441000002@gmail.com', '$2a$10$hZWJKAQNadyewKCKck5.dOx41N0DXCazcljxwmn8JLj1WhM/BoviW', 'USER');
INSERT INTO user_app (id, password, role) VALUES ('451000002@gmail.com', '$2a$10$hZWJKAQNadyewKCKck5.dOx41N0DXCazcljxwmn8JLj1WhM/BoviW', 'USER');
INSERT INTO user_app (id, password, role) VALUES ('459000002@gmail.com', '$2a$10$hZWJKAQNadyewKCKck5.dOx41N0DXCazcljxwmn8JLj1WhM/BoviW', 'USER');
INSERT INTO user_app (id, password, role) VALUES ('466000002@gmail.com', '$2a$10$hZWJKAQNadyewKCKck5.dOx41N0DXCazcljxwmn8JLj1WhM/BoviW', 'USER');
INSERT INTO user_app (id, password, role) VALUES ('472000002@gmail.com', '$2a$10$hZWJKAQNadyewKCKck5.dOx41N0DXCazcljxwmn8JLj1WhM/BoviW', 'USER');
INSERT INTO user_app (id, password, role) VALUES ('484000002@gmail.com', '$2a$10$hZWJKAQNadyewKCKck5.dOx41N0DXCazcljxwmn8JLj1WhM/BoviW', 'USER');
INSERT INTO user_app (id, password, role) VALUES ('485000002@gmail.com', '$2a$10$hZWJKAQNadyewKCKck5.dOx41N0DXCazcljxwmn8JLj1WhM/BoviW', 'USER');
INSERT INTO user_app (id, password, role) VALUES ('490000002@gmail.com', '$2a$10$hZWJKAQNadyewKCKck5.dOx41N0DXCazcljxwmn8JLj1WhM/BoviW', 'USER');
INSERT INTO user_app (id, password, role) VALUES ('494000002@gmail.com', '$2a$10$hZWJKAQNadyewKCKck5.dOx41N0DXCazcljxwmn8JLj1WhM/BoviW', 'USER');
INSERT INTO user_app (id, password, role) VALUES ('498000002@gmail.com', '$2a$10$hZWJKAQNadyewKCKck5.dOx41N0DXCazcljxwmn8JLj1WhM/BoviW', 'USER');
INSERT INTO user_app (id, password, role) VALUES ('501000002@gmail.com', '$2a$10$hZWJKAQNadyewKCKck5.dOx41N0DXCazcljxwmn8JLj1WhM/BoviW', 'USER');
INSERT INTO user_app (id, password, role) VALUES ('503000002@gmail.com', '$2a$10$hZWJKAQNadyewKCKck5.dOx41N0DXCazcljxwmn8JLj1WhM/BoviW', 'USER');
INSERT INTO user_app (id, password, role) VALUES ('506000002@gmail.com', '$2a$10$hZWJKAQNadyewKCKck5.dOx41N0DXCazcljxwmn8JLj1WhM/BoviW', 'USER');
INSERT INTO user_app (id, password, role) VALUES ('513000002@gmail.com', '$2a$10$hZWJKAQNadyewKCKck5.dOx41N0DXCazcljxwmn8JLj1WhM/BoviW', 'USER');
INSERT INTO user_app (id, password, role) VALUES ('517000002@gmail.com', '$2a$10$hZWJKAQNadyewKCKck5.dOx41N0DXCazcljxwmn8JLj1WhM/BoviW', 'USER');
INSERT INTO user_app (id, password, role) VALUES ('520000002@gmail.com', '$2a$10$hZWJKAQNadyewKCKck5.dOx41N0DXCazcljxwmn8JLj1WhM/BoviW', 'USER');
INSERT INTO user_app (id, password, role) VALUES ('521000002@gmail.com', '$2a$10$hZWJKAQNadyewKCKck5.dOx41N0DXCazcljxwmn8JLj1WhM/BoviW', 'USER');
INSERT INTO user_app (id, password, role) VALUES ('523000002@gmail.com', '$2a$10$hZWJKAQNadyewKCKck5.dOx41N0DXCazcljxwmn8JLj1WhM/BoviW', 'USER');
INSERT INTO user_app (id, password, role) VALUES ('525000002@gmail.com', '$2a$10$hZWJKAQNadyewKCKck5.dOx41N0DXCazcljxwmn8JLj1WhM/BoviW', 'USER');
INSERT INTO user_app (id, password, role) VALUES ('526000002@gmail.com', '$2a$10$hZWJKAQNadyewKCKck5.dOx41N0DXCazcljxwmn8JLj1WhM/BoviW', 'USER');
INSERT INTO user_app (id, password, role) VALUES ('531000002@gmail.com', '$2a$10$hZWJKAQNadyewKCKck5.dOx41N0DXCazcljxwmn8JLj1WhM/BoviW', 'USER');
INSERT INTO user_app (id, password, role) VALUES ('535000002@gmail.com', '$2a$10$hZWJKAQNadyewKCKck5.dOx41N0DXCazcljxwmn8JLj1WhM/BoviW', 'USER');
INSERT INTO user_app (id, password, role) VALUES ('536000002@gmail.com', '$2a$10$hZWJKAQNadyewKCKck5.dOx41N0DXCazcljxwmn8JLj1WhM/BoviW', 'USER');
INSERT INTO user_app (id, password, role) VALUES ('542000002@gmail.com', '$2a$10$hZWJKAQNadyewKCKck5.dOx41N0DXCazcljxwmn8JLj1WhM/BoviW', 'USER');
INSERT INTO user_app (id, password, role) VALUES ('547000002@gmail.com', '$2a$10$hZWJKAQNadyewKCKck5.dOx41N0DXCazcljxwmn8JLj1WhM/BoviW', 'USER');
INSERT INTO user_app (id, password, role) VALUES ('548000002@gmail.com', '$2a$10$hZWJKAQNadyewKCKck5.dOx41N0DXCazcljxwmn8JLj1WhM/BoviW', 'USER');
INSERT INTO user_app (id, password, role) VALUES ('553000002@gmail.com', '$2a$10$hZWJKAQNadyewKCKck5.dOx41N0DXCazcljxwmn8JLj1WhM/BoviW', 'USER');
INSERT INTO user_app (id, password, role) VALUES ('555000002@gmail.com', '$2a$10$hZWJKAQNadyewKCKck5.dOx41N0DXCazcljxwmn8JLj1WhM/BoviW', 'USER');
INSERT INTO user_app (id, password, role) VALUES ('559000002@gmail.com', '$2a$10$hZWJKAQNadyewKCKck5.dOx41N0DXCazcljxwmn8JLj1WhM/BoviW', 'USER');
INSERT INTO user_app (id, password, role) VALUES ('562000002@gmail.com', '$2a$10$hZWJKAQNadyewKCKck5.dOx41N0DXCazcljxwmn8JLj1WhM/BoviW', 'USER');
INSERT INTO user_app (id, password, role) VALUES ('564000002@gmail.com', '$2a$10$hZWJKAQNadyewKCKck5.dOx41N0DXCazcljxwmn8JLj1WhM/BoviW', 'USER');
INSERT INTO user_app (id, password, role) VALUES ('566000002@gmail.com', '$2a$10$hZWJKAQNadyewKCKck5.dOx41N0DXCazcljxwmn8JLj1WhM/BoviW', 'USER');
INSERT INTO user_app (id, password, role) VALUES ('567000002@gmail.com', '$2a$10$hZWJKAQNadyewKCKck5.dOx41N0DXCazcljxwmn8JLj1WhM/BoviW', 'USER');
INSERT INTO user_app (id, password, role) VALUES ('688000002@gmail.com', '$2a$10$hZWJKAQNadyewKCKck5.dOx41N0DXCazcljxwmn8JLj1WhM/BoviW', 'USER');
INSERT INTO user_app (id, password, role) VALUES ('945000002@gmail.com', '$2a$10$hZWJKAQNadyewKCKck5.dOx41N0DXCazcljxwmn8JLj1WhM/BoviW', 'USER');
INSERT INTO user_app (id, password, role) VALUES ('946000002@gmail.com', '$2a$10$hZWJKAQNadyewKCKck5.dOx41N0DXCazcljxwmn8JLj1WhM/BoviW', 'USER');
INSERT INTO user_app (id, password, role) VALUES ('947000002@gmail.com', '$2a$10$hZWJKAQNadyewKCKck5.dOx41N0DXCazcljxwmn8JLj1WhM/BoviW', 'USER');
INSERT INTO user_app (id, password, role) VALUES ('949000002@gmail.com', '$2a$10$hZWJKAQNadyewKCKck5.dOx41N0DXCazcljxwmn8JLj1WhM/BoviW', 'USER');
INSERT INTO user_app (id, password, role) VALUES ('950000002@gmail.com', '$2a$10$hZWJKAQNadyewKCKck5.dOx41N0DXCazcljxwmn8JLj1WhM/BoviW', 'USER');

INSERT INTO user_app (id, password, role) VALUES ('002000003@gmail.com', '$2a$10$hZWJKAQNadyewKCKck5.dOx41N0DXCazcljxwmn8JLj1WhM/BoviW', 'USER');
INSERT INTO user_app (id, password, role) VALUES ('003000003@gmail.com', '$2a$10$hZWJKAQNadyewKCKck5.dOx41N0DXCazcljxwmn8JLj1WhM/BoviW', 'USER');
INSERT INTO user_app (id, password, role) VALUES ('008000003@gmail.com', '$2a$10$hZWJKAQNadyewKCKck5.dOx41N0DXCazcljxwmn8JLj1WhM/BoviW', 'USER');
INSERT INTO user_app (id, password, role) VALUES ('009000003@gmail.com', '$2a$10$hZWJKAQNadyewKCKck5.dOx41N0DXCazcljxwmn8JLj1WhM/BoviW', 'USER');
INSERT INTO user_app (id, password, role) VALUES ('011000003@gmail.com', '$2a$10$hZWJKAQNadyewKCKck5.dOx41N0DXCazcljxwmn8JLj1WhM/BoviW', 'USER');
INSERT INTO user_app (id, password, role) VALUES ('013000003@gmail.com', '$2a$10$hZWJKAQNadyewKCKck5.dOx41N0DXCazcljxwmn8JLj1WhM/BoviW', 'USER');
INSERT INTO user_app (id, password, role) VALUES ('014000003@gmail.com', '$2a$10$hZWJKAQNadyewKCKck5.dOx41N0DXCazcljxwmn8JLj1WhM/BoviW', 'USER');
INSERT INTO user_app (id, password, role) VALUES ('016000003@gmail.com', '$2a$10$hZWJKAQNadyewKCKck5.dOx41N0DXCazcljxwmn8JLj1WhM/BoviW', 'USER');
INSERT INTO user_app (id, password, role) VALUES ('019000003@gmail.com', '$2a$10$hZWJKAQNadyewKCKck5.dOx41N0DXCazcljxwmn8JLj1WhM/BoviW', 'USER');
INSERT INTO user_app (id, password, role) VALUES ('020000003@gmail.com', '$2a$10$hZWJKAQNadyewKCKck5.dOx41N0DXCazcljxwmn8JLj1WhM/BoviW', 'USER');
INSERT INTO user_app (id, password, role) VALUES ('022000003@gmail.com', '$2a$10$hZWJKAQNadyewKCKck5.dOx41N0DXCazcljxwmn8JLj1WhM/BoviW', 'USER');
INSERT INTO user_app (id, password, role) VALUES ('023000003@gmail.com', '$2a$10$hZWJKAQNadyewKCKck5.dOx41N0DXCazcljxwmn8JLj1WhM/BoviW', 'USER');
INSERT INTO user_app (id, password, role) VALUES ('028000003@gmail.com', '$2a$10$hZWJKAQNadyewKCKck5.dOx41N0DXCazcljxwmn8JLj1WhM/BoviW', 'USER');
INSERT INTO user_app (id, password, role) VALUES ('030000003@gmail.com', '$2a$10$hZWJKAQNadyewKCKck5.dOx41N0DXCazcljxwmn8JLj1WhM/BoviW', 'USER');
INSERT INTO user_app (id, password, role) VALUES ('031000003@gmail.com', '$2a$10$hZWJKAQNadyewKCKck5.dOx41N0DXCazcljxwmn8JLj1WhM/BoviW', 'USER');
INSERT INTO user_app (id, password, role) VALUES ('032000003@gmail.com', '$2a$10$hZWJKAQNadyewKCKck5.dOx41N0DXCazcljxwmn8JLj1WhM/BoviW', 'USER');
INSERT INTO user_app (id, password, role) VALUES ('033000003@gmail.com', '$2a$10$hZWJKAQNadyewKCKck5.dOx41N0DXCazcljxwmn8JLj1WhM/BoviW', 'USER');
INSERT INTO user_app (id, password, role) VALUES ('034000003@gmail.com', '$2a$10$hZWJKAQNadyewKCKck5.dOx41N0DXCazcljxwmn8JLj1WhM/BoviW', 'USER');
INSERT INTO user_app (id, password, role) VALUES ('036000003@gmail.com', '$2a$10$hZWJKAQNadyewKCKck5.dOx41N0DXCazcljxwmn8JLj1WhM/BoviW', 'USER');
INSERT INTO user_app (id, password, role) VALUES ('037000003@gmail.com', '$2a$10$hZWJKAQNadyewKCKck5.dOx41N0DXCazcljxwmn8JLj1WhM/BoviW', 'USER');
INSERT INTO user_app (id, password, role) VALUES ('039000003@gmail.com', '$2a$10$hZWJKAQNadyewKCKck5.dOx41N0DXCazcljxwmn8JLj1WhM/BoviW', 'USER');
INSERT INTO user_app (id, password, role) VALUES ('040000003@gmail.com', '$2a$10$hZWJKAQNadyewKCKck5.dOx41N0DXCazcljxwmn8JLj1WhM/BoviW', 'USER');
INSERT INTO user_app (id, password, role) VALUES ('041000003@gmail.com', '$2a$10$hZWJKAQNadyewKCKck5.dOx41N0DXCazcljxwmn8JLj1WhM/BoviW', 'USER');
INSERT INTO user_app (id, password, role) VALUES ('042000003@gmail.com', '$2a$10$hZWJKAQNadyewKCKck5.dOx41N0DXCazcljxwmn8JLj1WhM/BoviW', 'USER');
INSERT INTO user_app (id, password, role) VALUES ('046000003@gmail.com', '$2a$10$hZWJKAQNadyewKCKck5.dOx41N0DXCazcljxwmn8JLj1WhM/BoviW', 'USER');
INSERT INTO user_app (id, password, role) VALUES ('047000003@gmail.com', '$2a$10$hZWJKAQNadyewKCKck5.dOx41N0DXCazcljxwmn8JLj1WhM/BoviW', 'USER');
INSERT INTO user_app (id, password, role) VALUES ('048000003@gmail.com', '$2a$10$hZWJKAQNadyewKCKck5.dOx41N0DXCazcljxwmn8JLj1WhM/BoviW', 'USER');
INSERT INTO user_app (id, password, role) VALUES ('050000003@gmail.com', '$2a$10$hZWJKAQNadyewKCKck5.dOx41N0DXCazcljxwmn8JLj1WhM/BoviW', 'USER');
INSERT INTO user_app (id, password, role) VALUES ('053000003@gmail.com', '$2a$10$hZWJKAQNadyewKCKck5.dOx41N0DXCazcljxwmn8JLj1WhM/BoviW', 'USER');
INSERT INTO user_app (id, password, role) VALUES ('054000003@gmail.com', '$2a$10$hZWJKAQNadyewKCKck5.dOx41N0DXCazcljxwmn8JLj1WhM/BoviW', 'USER');
INSERT INTO user_app (id, password, role) VALUES ('057000003@gmail.com', '$2a$10$hZWJKAQNadyewKCKck5.dOx41N0DXCazcljxwmn8JLj1WhM/BoviW', 'USER');
INSERT INTO user_app (id, password, role) VALUES ('059000003@gmail.com', '$2a$10$hZWJKAQNadyewKCKck5.dOx41N0DXCazcljxwmn8JLj1WhM/BoviW', 'USER');
INSERT INTO user_app (id, password, role) VALUES ('061000003@gmail.com', '$2a$10$hZWJKAQNadyewKCKck5.dOx41N0DXCazcljxwmn8JLj1WhM/BoviW', 'USER');
INSERT INTO user_app (id, password, role) VALUES ('067000003@gmail.com', '$2a$10$hZWJKAQNadyewKCKck5.dOx41N0DXCazcljxwmn8JLj1WhM/BoviW', 'USER');
INSERT INTO user_app (id, password, role) VALUES ('069000003@gmail.com', '$2a$10$hZWJKAQNadyewKCKck5.dOx41N0DXCazcljxwmn8JLj1WhM/BoviW', 'USER');
INSERT INTO user_app (id, password, role) VALUES ('076000003@gmail.com', '$2a$10$hZWJKAQNadyewKCKck5.dOx41N0DXCazcljxwmn8JLj1WhM/BoviW', 'USER');
INSERT INTO user_app (id, password, role) VALUES ('087000003@gmail.com', '$2a$10$hZWJKAQNadyewKCKck5.dOx41N0DXCazcljxwmn8JLj1WhM/BoviW', 'USER');
INSERT INTO user_app (id, password, role) VALUES ('095000003@gmail.com', '$2a$10$hZWJKAQNadyewKCKck5.dOx41N0DXCazcljxwmn8JLj1WhM/BoviW', 'USER');
INSERT INTO user_app (id, password, role) VALUES ('097000003@gmail.com', '$2a$10$hZWJKAQNadyewKCKck5.dOx41N0DXCazcljxwmn8JLj1WhM/BoviW', 'USER');
INSERT INTO user_app (id, password, role) VALUES ('110000003@gmail.com', '$2a$10$hZWJKAQNadyewKCKck5.dOx41N0DXCazcljxwmn8JLj1WhM/BoviW', 'USER');
INSERT INTO user_app (id, password, role) VALUES ('111000003@gmail.com', '$2a$10$hZWJKAQNadyewKCKck5.dOx41N0DXCazcljxwmn8JLj1WhM/BoviW', 'USER');
INSERT INTO user_app (id, password, role) VALUES ('112000003@gmail.com', '$2a$10$hZWJKAQNadyewKCKck5.dOx41N0DXCazcljxwmn8JLj1WhM/BoviW', 'USER');
INSERT INTO user_app (id, password, role) VALUES ('113000003@gmail.com', '$2a$10$hZWJKAQNadyewKCKck5.dOx41N0DXCazcljxwmn8JLj1WhM/BoviW', 'USER');
INSERT INTO user_app (id, password, role) VALUES ('114000003@gmail.com', '$2a$10$hZWJKAQNadyewKCKck5.dOx41N0DXCazcljxwmn8JLj1WhM/BoviW', 'USER');
INSERT INTO user_app (id, password, role) VALUES ('115000003@gmail.com', '$2a$10$hZWJKAQNadyewKCKck5.dOx41N0DXCazcljxwmn8JLj1WhM/BoviW', 'USER');
INSERT INTO user_app (id, password, role) VALUES ('116000003@gmail.com', '$2a$10$hZWJKAQNadyewKCKck5.dOx41N0DXCazcljxwmn8JLj1WhM/BoviW', 'USER');
INSERT INTO user_app (id, password, role) VALUES ('117000003@gmail.com', '$2a$10$hZWJKAQNadyewKCKck5.dOx41N0DXCazcljxwmn8JLj1WhM/BoviW', 'USER');
INSERT INTO user_app (id, password, role) VALUES ('118000003@gmail.com', '$2a$10$hZWJKAQNadyewKCKck5.dOx41N0DXCazcljxwmn8JLj1WhM/BoviW', 'USER');
INSERT INTO user_app (id, password, role) VALUES ('119000003@gmail.com', '$2a$10$hZWJKAQNadyewKCKck5.dOx41N0DXCazcljxwmn8JLj1WhM/BoviW', 'USER');
INSERT INTO user_app (id, password, role) VALUES ('120000003@gmail.com', '$2a$10$hZWJKAQNadyewKCKck5.dOx41N0DXCazcljxwmn8JLj1WhM/BoviW', 'USER');
INSERT INTO user_app (id, password, role) VALUES ('121000003@gmail.com', '$2a$10$hZWJKAQNadyewKCKck5.dOx41N0DXCazcljxwmn8JLj1WhM/BoviW', 'USER');
INSERT INTO user_app (id, password, role) VALUES ('122000003@gmail.com', '$2a$10$hZWJKAQNadyewKCKck5.dOx41N0DXCazcljxwmn8JLj1WhM/BoviW', 'USER');
INSERT INTO user_app (id, password, role) VALUES ('123000003@gmail.com', '$2a$10$hZWJKAQNadyewKCKck5.dOx41N0DXCazcljxwmn8JLj1WhM/BoviW', 'USER');
INSERT INTO user_app (id, password, role) VALUES ('124000003@gmail.com', '$2a$10$hZWJKAQNadyewKCKck5.dOx41N0DXCazcljxwmn8JLj1WhM/BoviW', 'USER');
INSERT INTO user_app (id, password, role) VALUES ('125000003@gmail.com', '$2a$10$hZWJKAQNadyewKCKck5.dOx41N0DXCazcljxwmn8JLj1WhM/BoviW', 'USER');
INSERT INTO user_app (id, password, role) VALUES ('126000003@gmail.com', '$2a$10$hZWJKAQNadyewKCKck5.dOx41N0DXCazcljxwmn8JLj1WhM/BoviW', 'USER');
INSERT INTO user_app (id, password, role) VALUES ('127000003@gmail.com', '$2a$10$hZWJKAQNadyewKCKck5.dOx41N0DXCazcljxwmn8JLj1WhM/BoviW', 'USER');
INSERT INTO user_app (id, password, role) VALUES ('128000003@gmail.com', '$2a$10$hZWJKAQNadyewKCKck5.dOx41N0DXCazcljxwmn8JLj1WhM/BoviW', 'USER');
INSERT INTO user_app (id, password, role) VALUES ('129000003@gmail.com', '$2a$10$hZWJKAQNadyewKCKck5.dOx41N0DXCazcljxwmn8JLj1WhM/BoviW', 'USER');
INSERT INTO user_app (id, password, role) VALUES ('130000003@gmail.com', '$2a$10$hZWJKAQNadyewKCKck5.dOx41N0DXCazcljxwmn8JLj1WhM/BoviW', 'USER');
INSERT INTO user_app (id, password, role) VALUES ('131000003@gmail.com', '$2a$10$hZWJKAQNadyewKCKck5.dOx41N0DXCazcljxwmn8JLj1WhM/BoviW', 'USER');
INSERT INTO user_app (id, password, role) VALUES ('132000003@gmail.com', '$2a$10$hZWJKAQNadyewKCKck5.dOx41N0DXCazcljxwmn8JLj1WhM/BoviW', 'USER');
INSERT INTO user_app (id, password, role) VALUES ('133000003@gmail.com', '$2a$10$hZWJKAQNadyewKCKck5.dOx41N0DXCazcljxwmn8JLj1WhM/BoviW', 'USER');
INSERT INTO user_app (id, password, role) VALUES ('134000003@gmail.com', '$2a$10$hZWJKAQNadyewKCKck5.dOx41N0DXCazcljxwmn8JLj1WhM/BoviW', 'USER');
INSERT INTO user_app (id, password, role) VALUES ('135000003@gmail.com', '$2a$10$hZWJKAQNadyewKCKck5.dOx41N0DXCazcljxwmn8JLj1WhM/BoviW', 'USER');
INSERT INTO user_app (id, password, role) VALUES ('145000003@gmail.com', '$2a$10$hZWJKAQNadyewKCKck5.dOx41N0DXCazcljxwmn8JLj1WhM/BoviW', 'USER');
INSERT INTO user_app (id, password, role) VALUES ('146000003@gmail.com', '$2a$10$hZWJKAQNadyewKCKck5.dOx41N0DXCazcljxwmn8JLj1WhM/BoviW', 'USER');
INSERT INTO user_app (id, password, role) VALUES ('147000003@gmail.com', '$2a$10$hZWJKAQNadyewKCKck5.dOx41N0DXCazcljxwmn8JLj1WhM/BoviW', 'USER');
INSERT INTO user_app (id, password, role) VALUES ('151000003@gmail.com', '$2a$10$hZWJKAQNadyewKCKck5.dOx41N0DXCazcljxwmn8JLj1WhM/BoviW', 'USER');
INSERT INTO user_app (id, password, role) VALUES ('152000003@gmail.com', '$2a$10$hZWJKAQNadyewKCKck5.dOx41N0DXCazcljxwmn8JLj1WhM/BoviW', 'USER');
INSERT INTO user_app (id, password, role) VALUES ('153000003@gmail.com', '$2a$10$hZWJKAQNadyewKCKck5.dOx41N0DXCazcljxwmn8JLj1WhM/BoviW', 'USER');
INSERT INTO user_app (id, password, role) VALUES ('157000003@gmail.com', '$2a$10$hZWJKAQNadyewKCKck5.dOx41N0DXCazcljxwmn8JLj1WhM/BoviW', 'USER');
INSERT INTO user_app (id, password, role) VALUES ('161000003@gmail.com', '$2a$10$hZWJKAQNadyewKCKck5.dOx41N0DXCazcljxwmn8JLj1WhM/BoviW', 'USER');
INSERT INTO user_app (id, password, role) VALUES ('162000003@gmail.com', '$2a$10$hZWJKAQNadyewKCKck5.dOx41N0DXCazcljxwmn8JLj1WhM/BoviW', 'USER');
INSERT INTO user_app (id, password, role) VALUES ('164000003@gmail.com', '$2a$10$hZWJKAQNadyewKCKck5.dOx41N0DXCazcljxwmn8JLj1WhM/BoviW', 'USER');
INSERT INTO user_app (id, password, role) VALUES ('166000003@gmail.com', '$2a$10$hZWJKAQNadyewKCKck5.dOx41N0DXCazcljxwmn8JLj1WhM/BoviW', 'USER');
INSERT INTO user_app (id, password, role) VALUES ('167000003@gmail.com', '$2a$10$hZWJKAQNadyewKCKck5.dOx41N0DXCazcljxwmn8JLj1WhM/BoviW', 'USER');
INSERT INTO user_app (id, password, role) VALUES ('200000003@gmail.com', '$2a$10$hZWJKAQNadyewKCKck5.dOx41N0DXCazcljxwmn8JLj1WhM/BoviW', 'USER');
INSERT INTO user_app (id, password, role) VALUES ('212000003@gmail.com', '$2a$10$hZWJKAQNadyewKCKck5.dOx41N0DXCazcljxwmn8JLj1WhM/BoviW', 'USER');
INSERT INTO user_app (id, password, role) VALUES ('213000003@gmail.com', '$2a$10$hZWJKAQNadyewKCKck5.dOx41N0DXCazcljxwmn8JLj1WhM/BoviW', 'USER');
INSERT INTO user_app (id, password, role) VALUES ('405000003@gmail.com', '$2a$10$hZWJKAQNadyewKCKck5.dOx41N0DXCazcljxwmn8JLj1WhM/BoviW', 'USER');
INSERT INTO user_app (id, password, role) VALUES ('422000003@gmail.com', '$2a$10$hZWJKAQNadyewKCKck5.dOx41N0DXCazcljxwmn8JLj1WhM/BoviW', 'USER');
INSERT INTO user_app (id, password, role) VALUES ('425000003@gmail.com', '$2a$10$hZWJKAQNadyewKCKck5.dOx41N0DXCazcljxwmn8JLj1WhM/BoviW', 'USER');
INSERT INTO user_app (id, password, role) VALUES ('426000003@gmail.com', '$2a$10$hZWJKAQNadyewKCKck5.dOx41N0DXCazcljxwmn8JLj1WhM/BoviW', 'USER');
INSERT INTO user_app (id, password, role) VALUES ('427000003@gmail.com', '$2a$10$hZWJKAQNadyewKCKck5.dOx41N0DXCazcljxwmn8JLj1WhM/BoviW', 'USER');
INSERT INTO user_app (id, password, role) VALUES ('441000003@gmail.com', '$2a$10$hZWJKAQNadyewKCKck5.dOx41N0DXCazcljxwmn8JLj1WhM/BoviW', 'USER');
INSERT INTO user_app (id, password, role) VALUES ('451000003@gmail.com', '$2a$10$hZWJKAQNadyewKCKck5.dOx41N0DXCazcljxwmn8JLj1WhM/BoviW', 'USER');
INSERT INTO user_app (id, password, role) VALUES ('459000003@gmail.com', '$2a$10$hZWJKAQNadyewKCKck5.dOx41N0DXCazcljxwmn8JLj1WhM/BoviW', 'USER');
INSERT INTO user_app (id, password, role) VALUES ('466000003@gmail.com', '$2a$10$hZWJKAQNadyewKCKck5.dOx41N0DXCazcljxwmn8JLj1WhM/BoviW', 'USER');
INSERT INTO user_app (id, password, role) VALUES ('472000003@gmail.com', '$2a$10$hZWJKAQNadyewKCKck5.dOx41N0DXCazcljxwmn8JLj1WhM/BoviW', 'USER');
INSERT INTO user_app (id, password, role) VALUES ('484000003@gmail.com', '$2a$10$hZWJKAQNadyewKCKck5.dOx41N0DXCazcljxwmn8JLj1WhM/BoviW', 'USER');
INSERT INTO user_app (id, password, role) VALUES ('485000003@gmail.com', '$2a$10$hZWJKAQNadyewKCKck5.dOx41N0DXCazcljxwmn8JLj1WhM/BoviW', 'USER');
INSERT INTO user_app (id, password, role) VALUES ('490000003@gmail.com', '$2a$10$hZWJKAQNadyewKCKck5.dOx41N0DXCazcljxwmn8JLj1WhM/BoviW', 'USER');
INSERT INTO user_app (id, password, role) VALUES ('494000003@gmail.com', '$2a$10$hZWJKAQNadyewKCKck5.dOx41N0DXCazcljxwmn8JLj1WhM/BoviW', 'USER');
INSERT INTO user_app (id, password, role) VALUES ('498000003@gmail.com', '$2a$10$hZWJKAQNadyewKCKck5.dOx41N0DXCazcljxwmn8JLj1WhM/BoviW', 'USER');
INSERT INTO user_app (id, password, role) VALUES ('501000003@gmail.com', '$2a$10$hZWJKAQNadyewKCKck5.dOx41N0DXCazcljxwmn8JLj1WhM/BoviW', 'USER');
INSERT INTO user_app (id, password, role) VALUES ('503000003@gmail.com', '$2a$10$hZWJKAQNadyewKCKck5.dOx41N0DXCazcljxwmn8JLj1WhM/BoviW', 'USER');
INSERT INTO user_app (id, password, role) VALUES ('506000003@gmail.com', '$2a$10$hZWJKAQNadyewKCKck5.dOx41N0DXCazcljxwmn8JLj1WhM/BoviW', 'USER');
INSERT INTO user_app (id, password, role) VALUES ('513000003@gmail.com', '$2a$10$hZWJKAQNadyewKCKck5.dOx41N0DXCazcljxwmn8JLj1WhM/BoviW', 'USER');
INSERT INTO user_app (id, password, role) VALUES ('517000003@gmail.com', '$2a$10$hZWJKAQNadyewKCKck5.dOx41N0DXCazcljxwmn8JLj1WhM/BoviW', 'USER');
INSERT INTO user_app (id, password, role) VALUES ('520000003@gmail.com', '$2a$10$hZWJKAQNadyewKCKck5.dOx41N0DXCazcljxwmn8JLj1WhM/BoviW', 'USER');
INSERT INTO user_app (id, password, role) VALUES ('521000003@gmail.com', '$2a$10$hZWJKAQNadyewKCKck5.dOx41N0DXCazcljxwmn8JLj1WhM/BoviW', 'USER');
INSERT INTO user_app (id, password, role) VALUES ('523000003@gmail.com', '$2a$10$hZWJKAQNadyewKCKck5.dOx41N0DXCazcljxwmn8JLj1WhM/BoviW', 'USER');
INSERT INTO user_app (id, password, role) VALUES ('525000003@gmail.com', '$2a$10$hZWJKAQNadyewKCKck5.dOx41N0DXCazcljxwmn8JLj1WhM/BoviW', 'USER');
INSERT INTO user_app (id, password, role) VALUES ('526000003@gmail.com', '$2a$10$hZWJKAQNadyewKCKck5.dOx41N0DXCazcljxwmn8JLj1WhM/BoviW', 'USER');
INSERT INTO user_app (id, password, role) VALUES ('531000003@gmail.com', '$2a$10$hZWJKAQNadyewKCKck5.dOx41N0DXCazcljxwmn8JLj1WhM/BoviW', 'USER');
INSERT INTO user_app (id, password, role) VALUES ('535000003@gmail.com', '$2a$10$hZWJKAQNadyewKCKck5.dOx41N0DXCazcljxwmn8JLj1WhM/BoviW', 'USER');
INSERT INTO user_app (id, password, role) VALUES ('536000003@gmail.com', '$2a$10$hZWJKAQNadyewKCKck5.dOx41N0DXCazcljxwmn8JLj1WhM/BoviW', 'USER');
INSERT INTO user_app (id, password, role) VALUES ('542000003@gmail.com', '$2a$10$hZWJKAQNadyewKCKck5.dOx41N0DXCazcljxwmn8JLj1WhM/BoviW', 'USER');
INSERT INTO user_app (id, password, role) VALUES ('547000003@gmail.com', '$2a$10$hZWJKAQNadyewKCKck5.dOx41N0DXCazcljxwmn8JLj1WhM/BoviW', 'USER');
INSERT INTO user_app (id, password, role) VALUES ('548000003@gmail.com', '$2a$10$hZWJKAQNadyewKCKck5.dOx41N0DXCazcljxwmn8JLj1WhM/BoviW', 'USER');
INSERT INTO user_app (id, password, role) VALUES ('553000003@gmail.com', '$2a$10$hZWJKAQNadyewKCKck5.dOx41N0DXCazcljxwmn8JLj1WhM/BoviW', 'USER');
INSERT INTO user_app (id, password, role) VALUES ('555000003@gmail.com', '$2a$10$hZWJKAQNadyewKCKck5.dOx41N0DXCazcljxwmn8JLj1WhM/BoviW', 'USER');
INSERT INTO user_app (id, password, role) VALUES ('559000003@gmail.com', '$2a$10$hZWJKAQNadyewKCKck5.dOx41N0DXCazcljxwmn8JLj1WhM/BoviW', 'USER');
INSERT INTO user_app (id, password, role) VALUES ('562000003@gmail.com', '$2a$10$hZWJKAQNadyewKCKck5.dOx41N0DXCazcljxwmn8JLj1WhM/BoviW', 'USER');
INSERT INTO user_app (id, password, role) VALUES ('564000003@gmail.com', '$2a$10$hZWJKAQNadyewKCKck5.dOx41N0DXCazcljxwmn8JLj1WhM/BoviW', 'USER');
INSERT INTO user_app (id, password, role) VALUES ('566000003@gmail.com', '$2a$10$hZWJKAQNadyewKCKck5.dOx41N0DXCazcljxwmn8JLj1WhM/BoviW', 'USER');
INSERT INTO user_app (id, password, role) VALUES ('567000003@gmail.com', '$2a$10$hZWJKAQNadyewKCKck5.dOx41N0DXCazcljxwmn8JLj1WhM/BoviW', 'USER');
INSERT INTO user_app (id, password, role) VALUES ('688000003@gmail.com', '$2a$10$hZWJKAQNadyewKCKck5.dOx41N0DXCazcljxwmn8JLj1WhM/BoviW', 'USER');
INSERT INTO user_app (id, password, role) VALUES ('945000003@gmail.com', '$2a$10$hZWJKAQNadyewKCKck5.dOx41N0DXCazcljxwmn8JLj1WhM/BoviW', 'USER');
INSERT INTO user_app (id, password, role) VALUES ('946000003@gmail.com', '$2a$10$hZWJKAQNadyewKCKck5.dOx41N0DXCazcljxwmn8JLj1WhM/BoviW', 'USER');
INSERT INTO user_app (id, password, role) VALUES ('947000003@gmail.com', '$2a$10$hZWJKAQNadyewKCKck5.dOx41N0DXCazcljxwmn8JLj1WhM/BoviW', 'USER');
INSERT INTO user_app (id, password, role) VALUES ('949000003@gmail.com', '$2a$10$hZWJKAQNadyewKCKck5.dOx41N0DXCazcljxwmn8JLj1WhM/BoviW', 'USER');
INSERT INTO user_app (id, password, role) VALUES ('950000003@gmail.com', '$2a$10$hZWJKAQNadyewKCKck5.dOx41N0DXCazcljxwmn8JLj1WhM/BoviW', 'USER');